full_name,repo_name,open_issues_count,closed_issues_count,closed_issues_percentage,merged_pull_requests_count,releases_count,hours_since_last_update,primary_language,repo_age_years
freeCodeCamp/freeCodeCamp,freeCodeCamp,310,19620,98.44,25444,0,0.0,TypeScript,10.65
codecrafters-io/build-your-own-x,build-your-own-x,410,595,59.2,138,0,0.0,Markdown,7.27
sindresorhus/awesome,awesome,52,340,86.73,674,0,0.0,,11.1
EbookFoundation/free-programming-books,free-programming-books,40,1150,96.64,6635,0,0.0,Python,11.85
public-apis/public-apis,public-apis,547,703,56.24,1842,0,0.0,Python,9.41
kamranahmedse/developer-roadmap,developer-roadmap,270,2692,90.88,3663,1,0.0,TypeScript,8.42
jwasham/coding-interview-university,coding-interview-university,78,453,85.31,411,0,0.0,,9.2
donnemartin/system-design-primer,system-design-primer,514,91,15.04,199,0,0.0,Python,8.47
996icu/996.ICU,996.ICU,16703,0,0.0,1036,0,0.0,,6.4
vinta/awesome-python,awesome-python,485,0,0.0,538,0,0.0,Python,11.14
awesome-selfhosted/awesome-selfhosted,awesome-selfhosted,0,806,100.0,2357,1,0.0,,10.21
practical-tutorials/project-based-learning,project-based-learning,237,79,25.0,174,0,0.0,,8.35
facebook/react,react,1025,13184,92.79,12092,105,0.0,JavaScript,12.23
vuejs/vue,vue,602,9672,94.14,1130,249,0.0,TypeScript,12.05
TheAlgorithms/Python,Python,437,1511,77.57,2962,0,1.0,Python,9.09
torvalds/linux,linux,489,0,0.0,10,0,0.0,C,13.95
trekhleb/javascript-algorithms,javascript-algorithms,368,229,38.36,300,0,0.0,JavaScript,7.4
tensorflow/tensorflow,tensorflow,1537,39833,96.28,35796,219,1.0,C++,9.78
ossu/computer-science,computer-science,14,638,97.85,292,0,0.0,HTML,11.29
getify/You-Dont-Know-JS,You-Dont-Know-JS,125,863,87.35,362,0,0.0,,11.75
trimstray/the-book-of-secret-knowledge,the-book-of-secret-knowledge,100,0,0.0,117,0,0.0,,7.15
CyC2018/CS-Notes,CS-Notes,189,448,70.33,373,0,4.0,,7.51
ohmyzsh/ohmyzsh,ohmyzsh,503,4825,90.56,3349,0,0.0,Shell,15.97
Significant-Gravitas/AutoGPT,AutoGPT,229,3220,93.36,3174,67,0.0,Python,2.42
microsoft/vscode,vscode,12855,192682,93.75,36048,176,0.0,TypeScript,9.95
twbs/bootstrap,bootstrap,563,22342,97.54,8954,93,0.0,MDX,14.05
flutter/flutter,flutter,12125,96767,88.87,43737,7,0.0,Dart,10.45
jackfrued/Python-100-Days,Python-100-Days,737,118,13.8,13,0,2.0,Jupyter Notebook,7.46
github/gitignore,gitignore,314,0,0.0,1700,0,1.0,,14.77
jlevy/the-art-of-command-line,the-art-of-command-line,251,136,35.14,316,0,1.0,,10.25
AUTOMATIC1111/stable-diffusion-webui,stable-diffusion-webui,2419,5464,69.31,1866,27,0.0,Python,2.99
Snailclimb/JavaGuide,JavaGuide,72,1032,93.48,1177,0,3.0,Java,7.28
ollama/ollama,ollama,2093,6193,74.74,2456,142,0.0,Go,2.14
avelino/awesome-go,awesome-go,138,681,83.15,3431,0,0.0,Go,11.12
huggingface/transformers,transformers,1980,16683,89.39,16572,222,0.0,Python,6.8
airbnb/javascript,javascript,174,1269,87.94,806,0,1.0,JavaScript,12.79
massgravel/Microsoft-Activation-Scripts,Microsoft-Activation-Scripts,0,717,100.0,6,24,0.0,Batchfile,5.59
ytdl-org/youtube-dl,youtube-dl,4138,23122,84.82,1593,341,0.0,Python,14.8
vercel/next.js,next.js,3285,21025,86.49,23558,3224,0.0,JavaScript,8.86
f/awesome-chatgpt-prompts,awesome-chatgpt-prompts,279,0,0.0,167,0,0.0,JavaScript,2.7
n8n-io/n8n,n8n,1046,4466,81.02,10546,378,0.0,TypeScript,6.15
golang/go,go,9496,58720,86.08,1,0,0.0,Go,11.0
labuladong/fucking-algorithm,fucking-algorithm,42,916,95.62,238,1,1.0,Markdown,5.49
yangshun/tech-interview-handbook,tech-interview-handbook,54,74,57.81,479,0,2.0,TypeScript,9.12
Genymobile/scrcpy,scrcpy,2511,3164,55.75,113,47,2.0,C,7.74
521xueweihan/HelloGitHub,HelloGitHub,215,2627,92.43,16,57,0.0,Python,9.29
Chalarangelo/30-seconds-of-code,30-seconds-of-code,1,300,99.67,823,12,1.0,JavaScript,7.72
facebook/react-native,react-native,1084,26536,96.08,928,410,2.0,C++,10.6
yt-dlp/yt-dlp,yt-dlp,2039,8115,79.92,2873,116,0.0,Python,4.81
microsoft/PowerToys,PowerToys,7079,27512,79.54,5603,117,0.0,C#,6.3
electron/electron,electron,870,20281,95.89,23199,1734,0.0,C++,12.35
kubernetes/kubernetes,kubernetes,2597,45758,94.63,62110,754,1.0,Go,11.2
krahets/hello-algo,hello-algo,27,257,90.49,945,9,1.0,Java,2.78
justjavac/free-programming-books-zh_CN,free-programming-books-zh_CN,31,0,0.0,279,3,3.0,,11.78
langchain-ai/langchain,langchain,333,8428,96.2,11255,945,0.0,Jupyter Notebook,2.83
nodejs/node,node,2346,17717,88.31,10719,455,0.0,JavaScript,10.72
d3/d3,d3,22,2220,99.02,492,194,4.0,Shell,14.89
langgenius/dify,dify,804,11755,93.6,6970,140,0.0,TypeScript,2.35
ripienaar/free-for-dev,free-for-dev,13,0,0.0,2728,0,0.0,HTML,10.41
mrdoob/three.js,three.js,582,12716,95.62,14353,171,0.0,JavaScript,15.4
axios/axios,axios,385,4556,92.21,996,97,2.0,JavaScript,11.0
open-webui/open-webui,open-webui,271,5924,95.63,2492,119,0.0,JavaScript,1.86
rust-lang/rust,rust,11484,48546,80.87,65277,140,1.0,Rust,15.17
microsoft/TypeScript,TypeScript,6058,36849,85.88,14666,212,0.0,TypeScript,11.17
excalidraw/excalidraw,excalidraw,2305,2399,51.0,3691,14,0.0,TypeScript,5.62
goldbergyoni/nodebestpractices,nodebestpractices,82,285,77.66,764,0,1.0,Dockerfile,7.92
denoland/deno,deno,2359,10880,82.18,13300,341,0.0,Rust,7.26
facebook/create-react-app,create-react-app,2328,6567,73.83,1949,83,1.0,JavaScript,9.08
langflow-ai/langflow,langflow,834,2250,72.96,4597,262,0.0,Python,2.52
GrowingGit/GitHub-Chinese-Top-Charts,GitHub-Chinese-Top-Charts,188,161,46.13,0,0,0.0,Java,5.95
godotengine/godot,godot,16182,45955,73.96,38647,61,1.0,C++,11.62
microsoft/terminal,terminal,1651,11855,87.78,4164,136,0.0,C++,8.02
deepseek-ai/DeepSeek-V3,DeepSeek-V3,62,555,89.95,21,1,0.0,Python,0.64
angular/angular,angular,1580,27992,94.66,3868,467,1.0,TypeScript,10.91
fatedier/frp,frp,66,3835,98.31,683,106,0.0,Go,9.66
papers-we-love/papers-we-love,papers-we-love,1,245,99.59,435,0,0.0,Shell,11.67
Hack-with-Github/Awesome-Hacking,Awesome-Hacking,27,0,0.0,34,0,0.0,,9.38
mui/material-ui,material-ui,1771,18549,91.28,20755,547,2.0,TypeScript,11.0
iptv-org/iptv,iptv,461,14290,96.87,6466,0,2.0,TypeScript,6.75
rustdesk/rustdesk,rustdesk,75,3556,97.93,3627,31,1.0,Rust,4.88
ant-design/ant-design,ant-design,1283,30376,95.95,15737,713,0.0,TypeScript,10.32
tauri-apps/tauri,tauri,1172,4638,79.83,5157,1444,0.0,Rust,6.1
microsoft/generative-ai-for-beginners,generative-ai-for-beginners,20,165,89.19,376,0,0.0,Jupyter Notebook,2.16
nvbn/thefuck,thefuck,389,472,54.82,478,17,0.0,Python,10.36
ryanmcdermott/clean-code-javascript,clean-code-javascript,109,163,59.93,149,0,0.0,JavaScript,8.72
shadcn-ui/ui,ui,1702,2371,58.21,636,52,0.0,TypeScript,2.62
iluwatar/java-design-patterns,java-design-patterns,157,830,84.09,1505,0,1.0,Java,11.02
Anduin2017/HowToCook,HowToCook,439,346,44.08,583,4,0.0,Dockerfile,5.46
pytorch/pytorch,pytorch,16804,37686,69.16,6190,61,0.0,Python,9.01
neovim/neovim,neovim,1977,11461,85.29,16031,45,0.0,Vim Script,11.54
puppeteer/puppeteer,puppeteer,280,6948,96.13,5408,557,2.0,TypeScript,8.27
microsoft/Web-Dev-For-Beginners,Web-Dev-For-Beginners,164,242,59.61,514,0,0.0,JavaScript,4.77
deepseek-ai/DeepSeek-R1,DeepSeek-R1,81,577,87.69,9,1,0.0,,0.57
PanJiaChen/vue-element-admin,vue-element-admin,1363,2357,63.36,311,49,4.0,Vue,8.33
tailwindlabs/tailwindcss,tailwindcss,89,4458,98.04,3068,290,0.0,TypeScript,7.86
fastapi/fastapi,fastapi,289,3417,92.2,2732,208,0.0,Python,6.69
mtdvio/every-programmer-should-know,every-programmer-should-know,55,23,29.49,98,0,0.0,,7.98
storybookjs/storybook,storybook,2181,11610,84.19,11465,1615,1.0,TypeScript,9.42
supabase/supabase,supabase,707,4405,86.17,12888,22,0.0,TypeScript,5.85
jaywcjlove/awesome-mac,awesome-mac,151,365,70.74,986,12,0.0,JavaScript,9.08
openai/whisper,whisper,92,0,0.0,119,13,0.0,Python,2.92
nvm-sh/nvm,nvm,362,1997,84.65,727,70,3.0,Shell,15.34
comfyanonymous/ComfyUI,ComfyUI,2682,3641,57.58,1174,72,0.0,Python,2.58
ChatGPTNextWeb/NextChat,NextChat,761,2884,79.12,888,77,0.0,TypeScript,2.44
2dust/v2rayN,v2rayN,9,6002,99.85,259,263,0.0,C#,6.05
bitcoin/bitcoin,bitcoin,755,8266,91.63,15430,56,0.0,C++,14.66
ggml-org/llama.cpp,llama.cpp,833,5343,86.51,5460,4023,0.0,C++,2.44
florinpop17/app-ideas,app-ideas,477,44,8.45,149,0,0.0,,6.48
django/django,django,359,0,0.0,9836,0,0.0,Python,13.3
sveltejs/svelte,svelte,858,7678,89.95,5972,509,1.0,JavaScript,8.74
gin-gonic/gin,gin,871,1679,65.84,1112,27,2.0,Go,11.17
opencv/opencv,opencv,2754,8627,75.8,13048,66,1.0,C++,13.08
gohugoio/hugo,hugo,465,7355,94.05,2950,337,0.0,Go,12.12
gothinkster/realworld,realworld,48,503,91.29,433,0,0.0,TypeScript,9.47
mermaid-js/mermaid,mermaid,1419,2096,59.63,2426,157,0.0,TypeScript,10.79
animate-css/animate.css,animate.css,63,841,93.03,314,22,13.0,CSS,13.85
laravel/laravel,laravel,31,0,0.0,1607,197,1.0,Blade,14.19
macrozheng/mall,mall,16,487,96.82,1,3,5.0,Java,7.37
home-assistant/core,core,2909,60000,95.38,75633,1490,0.0,Python,11.92
tonsky/FiraCode,FiraCode,416,954,69.64,136,29,0.0,Clojure,10.77
DigitalPlatDev/FreeDomain,FreeDomain,13,0,0.0,0,0,0.0,HTML,1.22
oven-sh/bun,bun,5183,8277,61.49,5944,196,0.0,Zig,4.34
3b1b/manim,manim,464,761,62.12,636,13,2.0,Python,10.41
spring-projects/spring-boot,spring-boot,614,38624,98.44,42,317,1.0,Java,12.83
doocs/advanced-java,advanced-java,1,146,99.32,84,1,12.0,Java,6.86
bregman-arie/devops-exercises,devops-exercises,38,64,62.75,301,0,3.0,Python,5.87
tensorflow/models,models,1259,6235,83.2,2338,50,5.0,Python,9.53
x1xhlol/system-prompts-and-models-of-ai-tools,system-prompts-and-models-of-ai-tools,73,52,41.6,22,0,0.0,,0.45
MunGell/awesome-for-beginners,awesome-for-beginners,37,174,82.46,446,0,0.0,,9.82
microsoft/ML-For-Beginners,ML-For-Beginners,12,140,92.11,374,0,0.0,HTML,4.46
DopplerHQ/awesome-interview-questions,awesome-interview-questions,49,34,40.96,175,0,0.0,,9.72
nomic-ai/gpt4all,gpt4all,729,1487,67.1,934,38,0.0,C++,2.39
MisterBooo/LeetCodeAnimation,LeetCodeAnimation,22,42,65.62,62,0,5.0,Java,6.7
microsoft/playwright,playwright,844,15458,94.82,15037,150,0.0,TypeScript,5.75
FortAwesome/Font-Awesome,Font-Awesome,3875,15889,80.39,210,60,0.0,JavaScript,13.5
netdata/netdata,netdata,235,7943,97.13,10893,120,0.0,C,12.17
fighting41love/funNLP,funNLP,41,47,53.41,14,0,0.0,Python,6.99
ByteByteGoHq/system-design-101,system-design-101,50,17,25.37,23,0,0.0,,1.91
anuraghazra/github-readme-stats,github-readme-stats,432,1108,71.95,1298,0,2.0,JavaScript,5.11
syncthing/syncthing,syncthing,343,5361,93.99,2747,439,0.0,Go,11.72
typicode/json-server,json-server,719,549,43.3,121,38,0.0,JavaScript,11.72
vitejs/vite,vite,630,7608,92.35,5552,597,0.0,TypeScript,5.32
unionlabs/union,union,283,1590,84.89,2744,95,0.0,Rust,2.25
ruanyf/weekly,weekly,5990,1074,15.2,101,0,2.0,,6.84
elastic/elasticsearch,elasticsearch,5366,36231,87.1,80328,202,2.0,Java,15.52
hoppscotch/hoppscotch,hoppscotch,544,1552,74.05,1860,83,1.0,TypeScript,5.99
coder/code-server,code-server,134,3569,96.38,1576,200,0.0,TypeScript,6.47
louislam/uptime-kuma,uptime-kuma,801,3449,81.15,1315,111,0.0,JavaScript,4.12
vuejs/awesome-vue,awesome-vue,65,190,74.51,3557,0,1.0,,9.83
immich-app/immich,immich,669,5672,89.45,7106,259,0.0,TypeScript,3.53
junegunn/fzf,fzf,298,2779,90.32,592,70,1.0,Go,11.82
sdmg15/Best-websites-a-programmer-should-visit,Best-websites-a-programmer-should-visit,921,103,10.06,419,0,0.0,,8.45
hacksider/Deep-Live-Cam,Deep-Live-Cam,82,914,91.77,85,8,0.0,Python,1.9
nestjs/nest,nest,70,5641,98.77,7396,131,1.0,TypeScript,8.53
microsoft/markitdown,markitdown,352,69,16.39,147,14,0.0,Python,0.76
d2l-ai/d2l-zh,d2l-zh,113,0,0.0,1018,16,0.0,Python,7.98
CompVis/stable-diffusion,stable-diffusion,607,195,24.31,5,0,9.0,Jupyter Notebook,3.02
abi/screenshot-to-code,screenshot-to-code,126,277,68.73,49,0,1.0,Python,1.76
thedaviddias/Front-End-Checklist,Front-End-Checklist,2,147,98.66,179,1,0.0,,7.84
clash-verge-rev/clash-verge-rev,clash-verge-rev,104,3652,97.23,313,49,0.0,TypeScript,1.74
redis/redis,redis,2649,4627,63.59,4152,95,1.0,C,16.41
moby/moby,moby,3656,19925,84.5,21362,237,4.0,Go,12.58
pallets/flask,flask,16,2685,99.41,1595,36,0.0,Python,15.36
google-gemini/gemini-cli,gemini-cli,1856,1826,49.59,1818,43,0.0,TypeScript,0.33
ventoy/Ventoy,Ventoy,1013,1600,61.23,269,103,0.0,C,5.44
Developer-Y/cs-video-courses,cs-video-courses,2,0,0.0,234,0,3.0,,8.82
grafana/grafana,grafana,3787,37411,90.81,56597,550,0.0,TypeScript,11.68
enaqx/awesome-react,awesome-react,38,109,74.15,777,0,0.0,,11.03
hakimel/reveal.js,reveal.js,859,1690,66.3,406,49,0.0,JavaScript,14.2
josephmisiti/awesome-machine-learning,awesome-machine-learning,2,93,97.89,866,0,0.0,Python,11.09
swisskyrepo/PayloadsAllTheThings,PayloadsAllTheThings,13,0,0.0,541,5,0.0,Python,8.83
binary-husky/gpt_academic,gpt_academic,286,1478,83.79,221,32,6.0,Python,2.41
strapi/strapi,strapi,1152,10176,89.83,9113,477,1.0,TypeScript,9.88
swiftlang/swift,swift,8465,9417,52.66,55370,60,1.0,C++,9.82
tesseract-ocr/tesseract,tesseract,449,2303,83.68,1410,34,1.0,C++,11.01
protocolbuffers/protobuf,protobuf,485,6406,92.96,7707,195,9.0,C++,10.98
base/node,node,62,190,75.4,186,54,25.0,Go,2.54
python/cpython,cpython,9293,66063,87.67,52699,0,0.0,Python,8.51
sherlock-project/sherlock,sherlock,239,970,80.23,641,1,0.0,Python,6.65
browser-use/browser-use,browser-use,601,549,47.74,958,72,0.0,Python,0.79
ocornut/imgui,imgui,1182,5519,82.36,398,114,0.0,C++,11.07
apache/superset,superset,798,11148,93.32,14795,231,2.0,TypeScript,10.08
expressjs/express,express,195,3885,95.22,458,160,0.0,JavaScript,16.14
openai/openai-cookbook,openai-cookbook,79,555,87.54,858,0,1.0,Jupyter Notebook,3.44
Alvin9999/new-pac,new-pac,433,1333,75.48,0,0,0.0,Python,9.4
PKUFlyingPig/cs-self-learning,cs-self-learning,125,104,45.41,294,5,2.0,HTML,3.82
chartjs/Chart.js,Chart.js,485,6804,93.35,3002,116,10.0,JavaScript,12.42
punkpeye/awesome-mcp-servers,awesome-mcp-servers,80,73,47.71,918,0,0.0,,0.71
obsproject/obs-studio,obs-studio,1011,3925,79.52,5187,223,0.0,C,11.88
caddyserver/caddy,caddy,223,4141,94.89,2108,128,3.0,Go,10.59
localsend/localsend,localsend,795,644,44.75,667,24,0.0,Dart,2.67
ansible/ansible,ansible,853,32466,97.44,39107,161,0.0,Python,13.45
fffaraz/awesome-cpp,awesome-cpp,419,237,36.13,790,0,0.0,,11.09
Eugeny/tabby,tabby,2355,3412,59.16,1487,199,0.0,TypeScript,8.65
leonardomso/33-js-concepts,33-js-concepts,83,81,49.39,249,0,8.0,JavaScript,6.95
webpack/webpack,webpack,228,9969,97.76,5096,437,1.0,JavaScript,13.44
nektos/act,act,252,1061,80.81,1045,88,2.0,Go,6.62
astral-sh/uv,uv,2093,5413,72.12,7151,207,0.0,Rust,1.88
danielmiessler/SecLists,SecLists,6,290,97.97,679,28,0.0,PHP,13.49
xtekky/gpt4free,gpt4free,7,1851,99.62,812,329,2.0,Python,2.39
AppFlowy-IO/AppFlowy,AppFlowy,1005,2641,72.44,3882,111,0.0,Dart,4.17
lydiahallie/javascript-questions,javascript-questions,44,233,84.12,327,0,0.0,,6.18
modelcontextprotocol/servers,servers,227,449,66.42,861,19,0.0,TypeScript,0.74
binhnguyennus/awesome-scalability,awesome-scalability,15,0,0.0,36,0,0.0,,7.64
lobehub/lobe-chat,lobe-chat,960,3432,78.14,2490,1954,1.0,TypeScript,2.24
Stirling-Tools/Stirling-PDF,Stirling-PDF,356,1077,75.16,2196,135,0.0,Java,2.55
apache/echarts,echarts,1980,17215,89.68,1444,122,2.0,TypeScript,12.37
kdn251/interviews,interviews,115,24,17.27,41,0,5.0,Java,8.5
rasbt/LLMs-from-scratch,LLMs-from-scratch,5,165,97.06,384,0,0.0,Jupyter Notebook,2.07
awesomedata/awesome-public-datasets,awesome-public-datasets,128,48,27.27,186,1,0.0,,10.74
zed-industries/zed,zed,2781,11379,80.36,16175,960,0.0,Rust,4.49
kelseyhightower/nocode,nocode,4610,716,13.44,1,1,0.0,Dockerfile,7.52
jesseduffield/lazygit,lazygit,771,1591,67.36,1675,169,0.0,Go,7.25
twitter/the-algorithm,the-algorithm,464,729,61.11,2,0,0.0,Scala,2.39
keras-team/keras,keras,298,12292,97.63,4224,80,0.0,Python,10.39
juliangarnier/anime,anime,76,718,90.43,76,22,3.0,JavaScript,9.43
scikit-learn/scikit-learn,scikit-learn,2162,10066,82.32,13403,47,3.0,Python,15.0
bradtraversy/design-resources-for-developers,design-resources-for-developers,2,104,98.11,943,0,1.0,,5.28
TheAlgorithms/Java,Java,10,1100,99.1,2003,0,0.0,Java,9.09
resume/resume.github.com,resume.github.com,67,66,49.62,84,0,0.0,JavaScript,14.53
labmlai/annotated_deep_learning_paper_implementations,annotated_deep_learning_paper_implementations,26,113,81.29,101,0,1.0,Python,4.98
infiniflow/ragflow,ragflow,2643,2280,46.31,3679,29,0.0,TypeScript,1.68
chrislgarry/Apollo-11,Apollo-11,123,326,72.61,342,0,1.0,Assembly,11.37
socketio/socket.io,socket.io,210,3421,94.22,432,75,7.0,TypeScript,15.44
sindresorhus/awesome-nodejs,awesome-nodejs,19,102,84.3,415,0,2.0,,11.1
prakhar1989/awesome-courses,awesome-courses,56,39,41.05,187,0,3.0,,10.75
All-Hands-AI/OpenHands,OpenHands,465,2924,86.28,5065,75,0.0,Python,1.43
FuelLabs/sway,sway,881,2448,73.54,3494,178,14.0,Rust,4.57
facebook/docusaurus,docusaurus,348,3025,89.68,5478,151,0.0,TypeScript,8.16
reduxjs/redux,redux,43,2024,97.92,1702,78,14.0,TypeScript,10.22
lodash/lodash,lodash,119,4228,97.26,579,2,1.0,JavaScript,13.36
dair-ai/Prompt-Engineering-Guide,Prompt-Engineering-Guide,222,71,24.23,338,0,3.0,MDX,2.67
atom/atom,atom,993,16146,94.21,3924,538,0.0,JavaScript,13.57
h5bp/Front-end-Developer-Interview-Questions,Front-end-Developer-Interview-Questions,38,143,79.01,481,0,0.0,Nunjucks,13.52
xingshaocheng/architect-awesome,architect-awesome,66,22,25.0,47,0,0.0,,7.36
openinterpreter/open-interpreter,open-interpreter,275,797,74.35,369,48,0.0,Python,2.09
localstack/localstack,localstack,293,5755,95.16,6204,94,1.0,Python,8.81
adam-p/markdown-here,markdown-here,320,324,50.31,27,17,0.0,JavaScript,13.26
alacritty/alacritty,alacritty,331,5799,94.6,1882,101,0.0,Rust,9.49
prometheus/prometheus,prometheus,724,5639,88.62,7605,341,0.0,Go,12.73
mlabonne/llm-course,llm-course,64,30,31.91,1,0,1.0,,2.17
rust-lang/rustlings,rustlings,80,686,89.56,911,45,1.0,Rust,9.92
jquery/jquery,jquery,96,2285,95.97,810,11,4.0,JavaScript,16.37
NationalSecurityAgency/ghidra,ghidra,1756,4058,69.8,520,45,0.0,Java,6.46
ryanoasis/nerd-fonts,nerd-fonts,35,1062,96.81,550,38,1.0,CSS,10.7
shadowsocks/shadowsocks-windows,shadowsocks-windows,196,2727,93.29,260,55,2.0,C#,12.59
tldr-pages/tldr,tldr,202,1337,86.87,14587,6,1.0,Markdown,11.69
angular/angular.js,angular.js,463,8649,94.92,789,0,0.0,JavaScript,15.61
Shubhamsaboo/awesome-llm-apps,awesome-llm-apps,11,85,88.54,131,0,0.0,Python,1.3
spring-projects/spring-framework,spring-framework,305,26807,98.88,870,341,1.0,Java,14.69
meta-llama/llama,llama,497,652,56.74,53,0,0.0,Python,2.51
scrapy/scrapy,scrapy,681,2712,79.93,2382,43,0.0,Python,15.48
nuxt/nuxt,nuxt,865,15864,94.83,6874,256,1.0,TypeScript,8.81
FoundationAgents/MetaGPT,MetaGPT,61,853,93.33,660,22,0.0,Python,2.13
youngyangyang04/leetcode-master,leetcode-master,232,66,22.15,2305,0,1.0,Shell,5.68
gorhill/uBlock,uBlock,18,3431,99.48,229,277,0.0,JavaScript,10.38
FuelLabs/fuel-core,fuel-core,163,970,85.61,1553,123,3.0,Rust,4.97
rails/rails,rails,1293,17712,93.2,25083,149,0.0,Ruby,17.35
h5bp/html5-boilerplate,html5-boilerplate,19,1346,98.61,786,34,0.0,JavaScript,15.56
Solido/awesome-flutter,awesome-flutter,30,0,0.0,441,0,3.0,Dart,8.28
nocodb/nocodb,nocodb,698,3604,83.77,5257,173,2.0,TypeScript,7.8
zylon-ai/private-gpt,private-gpt,277,961,77.63,224,10,1.0,Python,2.29
scutan90/DeepLearning-500-questions,DeepLearning-500-questions,121,81,40.1,302,0,3.0,JavaScript,7.14
soimort/you-get,you-get,383,0,0.0,582,123,0.0,Python,12.99
jgraph/drawio-desktop,drawio-desktop,63,1570,96.14,20,159,0.0,JavaScript,8.23
hiyouga/LLaMA-Factory,LLaMA-Factory,603,6713,91.76,685,34,0.0,Python,2.22
traefik/traefik,traefik,678,5705,89.38,4697,481,1.0,Go,9.93
FiloSottile/mkcert,mkcert,160,239,59.9,52,14,0.0,Go,7.15
git/git,git,250,0,0.0,3,0,0.0,C,17.07
PlexPt/awesome-chatgpt-prompts-zh,awesome-chatgpt-prompts-zh,41,58,58.59,33,0,3.0,,2.68
gatsbyjs/gatsby,gatsby,357,13900,97.5,18125,149,2.0,JavaScript,10.24
commaai/openpilot,openpilot,157,2922,94.9,11738,57,0.0,Python,8.73
azl397985856/leetcode,leetcode,11,248,95.75,257,40,13.0,JavaScript,7.38
vllm-project/vllm,vllm,2778,8408,75.17,8570,70,0.0,Python,2.52
remix-run/react-router,react-router,140,8035,98.29,3171,310,0.0,TypeScript,11.25
topjohnwu/Magisk,Magisk,48,6221,99.23,1604,151,0.0,Kotlin,8.94
ageitgey/face_recognition,face_recognition,820,595,42.05,94,2,3.0,Python,8.45
ultralytics/yolov5,yolov5,293,9173,96.9,2206,10,2.0,Python,5.25
CorentinJ/Real-Time-Voice-Cloning,Real-Time-Voice-Cloning,226,896,79.86,20,0,3.0,Python,6.23
AntonOsika/gpt-engineer,gpt-engineer,49,470,90.56,350,20,0.0,Python,2.3
minio/minio,minio,54,7770,99.31,9849,519,2.0,Go,10.59
BurntSushi/ripgrep,ripgrep,195,1578,89.0,515,72,0.0,Rust,9.43
deepfakes/faceswap,faceswap,40,847,95.49,357,4,0.0,Python,7.66
toeverything/AFFiNE,AFFiNE,324,2734,89.4,8710,568,0.0,TypeScript,3.05
ElemeFE/element,element,2933,15249,83.87,3223,145,2.0,Vue,8.95
pmndrs/zustand,zustand,7,688,98.99,803,97,1.0,TypeScript,6.36
lencx/ChatGPT,ChatGPT,866,361,29.42,123,34,0.0,Rust,2.69
sharkdp/bat,bat,346,1189,77.46,1453,41,0.0,Rust,7.32
golang-standards/project-layout,project-layout,94,44,31.88,89,0,0.0,Makefile,7.94
wasabeef/awesome-android-ui,awesome-android-ui,37,94,71.76,89,0,5.0,,10.65
necolas/normalize.css,normalize.css,86,461,84.28,56,0,0.0,CSS,14.29
Textualize/rich,rich,288,1223,80.94,836,170,0.0,Python,5.77
Z4nzu/hackingtool,hackingtool,65,321,83.16,56,0,2.0,Python,5.35
psf/requests,requests,274,3860,93.37,1577,13,5.0,Python,14.51
maybe-finance/maybe,maybe,0,0,0.0,1073,28,0.0,Ruby,1.62
pi-hole/pi-hole,pi-hole,52,3042,98.32,2099,118,0.0,Shell,11.19
withastro/astro,astro,210,5397,96.25,7311,2474,0.0,TypeScript,4.42
meilisearch/meilisearch,meilisearch,256,2095,89.11,2145,265,0.0,Rust,7.32
PaddlePaddle/PaddleOCR,PaddleOCR,207,9740,97.92,2930,23,1.0,Python,5.28
appwrite/appwrite,appwrite,813,3459,80.97,3827,112,0.0,TypeScript,6.36
FFmpeg/FFmpeg,FFmpeg,3,0,0.0,16,0,0.0,C,14.34
rclone/rclone,rclone,1164,4811,80.52,2085,114,0.0,Go,11.42
rust-unofficial/awesome-rust,awesome-rust,10,132,92.96,1556,0,1.0,Rust,11.09
tiimgreen/github-cheat-sheet,github-cheat-sheet,39,48,55.17,129,0,0.0,,11.35
ionic-team/ionic-framework,ionic-framework,595,21479,97.3,6288,913,7.0,TypeScript,11.99
google/material-design-icons,material-design-icons,372,1159,75.7,50,16,0.0,,10.86
wagoodman/dive,dive,176,202,53.44,164,28,0.0,Go,7.26
mozilla/pdf.js,pdf.js,448,9872,95.66,8070,76,0.0,JavaScript,14.31
facebookresearch/segment-anything,segment-anything,579,178,23.51,15,0,4.0,Jupyter Notebook,2.4
vuejs/core,core,1094,5092,82.31,3199,245,2.0,TypeScript,7.18
Semantic-Org/Semantic-UI,Semantic-UI,1077,5268,83.03,353,154,27.0,JavaScript,12.36
sickcodes/Docker-OSX,Docker-OSX,404,281,41.02,107,0,0.0,Shell,5.2
JetBrains/kotlin,kotlin,190,0,0.0,2062,265,2.0,Kotlin,13.51
unclecode/crawl4ai,crawl4ai,246,633,72.01,85,8,0.0,Python,1.27
ngosang/trackerslist,trackerslist,6,479,98.76,1,0,4.0,,9.31
google/guava,guava,718,2991,80.64,1013,56,8.0,Java,11.22
marktext/marktext,marktext,1315,1637,55.45,936,36,1.0,JavaScript,7.76
prettier/prettier,prettier,1473,5735,79.56,8871,127,0.0,JavaScript,8.71
laurent22/joplin,joplin,578,6687,92.04,4362,384,2.0,TypeScript,8.58
starship/starship,starship,920,1771,65.81,2898,135,0.0,Rust,6.38
romkatv/powerlevel10k,powerlevel10k,126,2465,95.14,167,33,1.0,Shell,6.48
jekyll/jekyll,jekyll,219,4781,95.62,3166,112,1.0,Ruby,16.82
xai-org/grok-1,grok-1,121,0,0.0,5,0,1.0,Python,1.42
TryGhost/Ghost,Ghost,164,7061,97.73,14239,902,2.0,JavaScript,12.29
DefinitelyTyped/DefinitelyTyped,DefinitelyTyped,713,7522,91.34,51863,1,1.0,TypeScript,12.87
go-gitea/gitea,gitea,2767,12291,81.62,17738,216,0.0,Go,8.79
WerWolv/ImHex,ImHex,253,1179,82.33,669,80,0.0,C++,4.77
RVC-Boss/GPT-SoVITS,GPT-SoVITS,783,1176,60.03,338,4,3.0,Python,1.59
etcd-io/etcd,etcd,285,6816,95.99,9768,259,2.0,Go,12.11
firstcontributions/first-contributions,first-contributions,120,909,88.34,84962,0,1.0,,8.91
pocketbase/pocketbase,pocketbase,18,1817,99.02,53,220,2.0,Go,3.12
chinese-poetry/chinese-poetry,chinese-poetry,126,92,42.2,135,1,5.0,JavaScript,8.96
jgthms/bulma,bulma,505,2395,82.59,637,22,2.0,CSS,9.56
OpenBB-finance/OpenBB,OpenBB,68,2194,96.99,4113,46,0.0,Python,4.66
vsouza/awesome-ios,awesome-ios,13,486,97.39,2211,0,5.0,Swift,11.1
ethereum/go-ethereum,go-ethereum,344,8275,96.01,8229,219,1.0,Go,11.64
cline/cline,cline,563,1721,75.35,1607,143,0.0,TypeScript,1.11
poteto/hiring-without-whiteboards,hiring-without-whiteboards,24,0,0.0,1285,0,0.0,JavaScript,8.42
FoundationAgents/OpenManus,OpenManus,539,311,36.59,106,3,1.0,Python,0.45
mastodon/mastodon,mastodon,4259,8219,65.87,17532,289,2.0,Ruby,9.48
agalwood/Motrix,Motrix,761,593,43.8,192,21,0.0,JavaScript,6.66
cypress-io/cypress,cypress,1321,13767,91.24,7325,372,2.0,TypeScript,10.46
microsoft/autogen,autogen,474,2455,83.82,2485,95,0.0,Python,2.0
justjavac/awesome-wechat-weapp,awesome-wechat-weapp,2,0,0.0,274,0,3.0,,8.9
mendableai/firecrawl,firecrawl,214,522,70.92,805,22,0.0,TypeScript,1.34
NARKOZ/hacker-scripts,hacker-scripts,67,53,44.17,62,0,2.0,JavaScript,9.74
Asabeneh/30-Days-Of-Python,30-Days-Of-Python,191,79,29.26,61,0,0.0,Python,5.74
AlistGo/alist,alist,583,3790,86.67,846,136,2.0,Go,4.65
ReactiveX/RxJava,RxJava,13,3159,99.59,3324,241,7.0,Java,12.61
PowerShell/PowerShell,PowerShell,1261,11905,90.42,7538,186,8.0,C#,9.59
iamkun/dayjs,dayjs,1142,849,42.64,691,119,4.0,JavaScript,7.35
moment/moment,moment,292,3911,93.05,712,0,1.0,JavaScript,14.46
dani-garcia/vaultwarden,vaultwarden,27,2349,98.86,992,73,0.0,Rust,7.49
Mintplex-Labs/anything-llm,anything-llm,294,2479,89.4,1072,20,0.0,JavaScript,2.2
Avik-Jain/100-Days-Of-ML-Code,100-Days-Of-ML-Code,65,0,0.0,6,0,1.0,,7.12
charlax/professional-programming,professional-programming,0,29,100.0,39,0,0.0,Python,9.78
algorithm-visualizer/algorithm-visualizer,algorithm-visualizer,71,76,51.7,180,0,5.0,JavaScript,9.26
JuliaLang/julia,julia,5028,21363,80.95,25757,181,3.0,Julia,14.32
minimaxir/big-list-of-naughty-strings,big-list-of-naughty-strings,109,32,22.7,85,0,8.0,Python,10.03
TapXWorld/ChinaTextbook,ChinaTextbook,70,53,43.09,1,0,2.0,Roff,5.62
huginn/huginn,huginn,695,1569,69.3,1041,1,1.0,Ruby,12.44
nlohmann/json,json,103,2296,95.71,893,45,2.0,C++,12.12
serverless/serverless,serverless,1243,5382,81.24,4713,453,2.0,JavaScript,10.32
gogs/gogs,gogs,979,4223,81.18,1743,84,4.0,Go,11.51
LadybirdBrowser/ladybird,ladybird,582,625,51.78,4188,0,0.0,C++,1.22
karan/Projects,Projects,97,35,26.52,18,0,2.0,,12.12
kamranahmedse/design-patterns-for-humans,design-patterns-for-humans,16,47,74.6,50,0,16.0,,8.5
x64dbg/x64dbg,x64dbg,605,2021,76.96,740,3,1.0,C++,10.35
square/okhttp,okhttp,64,4132,98.47,3758,0,4.0,Kotlin,13.07
typescript-cheatsheets/react,react,3,219,98.65,366,0,1.0,JavaScript,7.21
pandas-dev/pandas,pandas,3694,24069,86.69,26874,111,0.0,Python,14.98
TanStack/query,query,127,2100,94.3,2883,1101,6.0,TypeScript,5.94
v2ray/v2ray-core,v2ray-core,9,2583,99.65,202,247,1.0,Go,9.95
type-challenges/type-challenges,type-challenges,32424,3832,10.57,588,0,4.0,TypeScript,5.07
hashicorp/terraform,terraform,1872,19666,91.31,12759,377,5.0,Go,11.43
dkhamsing/open-source-ios-apps,open-source-ios-apps,2,310,99.36,1398,37,2.0,,10.55
ziishaned/learn-regex,learn-regex,65,35,35.0,130,0,1.0,,8.07
lllyasviel/Fooocus,Fooocus,270,1399,83.82,447,21,0.0,Python,2.02
slab/quill,quill,578,3265,84.96,379,95,4.0,TypeScript,13.05
lyswhut/lx-music-desktop,lx-music-desktop,962,1236,56.23,86,110,4.0,TypeScript,6.01
bigskysoftware/htmx,htmx,592,1005,62.93,956,26,2.0,JavaScript,5.34
jesseduffield/lazydocker,lazydocker,216,189,46.67,185,42,1.0,Go,6.25
pixijs/pixijs,pixijs,293,5735,95.14,3648,293,3.0,TypeScript,12.57
kelseyhightower/kubernetes-the-hard-way,kubernetes-the-hard-way,25,414,94.31,73,0,2.0,,9.11
android/architecture-samples,architecture-samples,210,348,62.37,231,0,5.0,Kotlin,9.53
jakevdp/PythonDataScienceHandbook,PythonDataScienceHandbook,226,78,25.66,28,0,4.0,Jupyter Notebook,9.02
brillout/awesome-react-components,awesome-react-components,31,44,58.67,322,0,2.0,,9.15
skylot/jadx,jadx,389,1526,79.69,577,31,0.0,Java,12.42
odoo/odoo,odoo,8540,15104,63.88,6177,0,0.0,Python,11.26
jestjs/jest,jest,285,7860,96.5,5691,208,0.0,TypeScript,11.69
Asabeneh/30-Days-Of-JavaScript,30-Days-Of-JavaScript,360,59,14.08,98,0,2.0,JavaScript,5.65
ColorlibHQ/AdminLTE,AdminLTE,164,2746,94.36,1543,77,19.0,CSS,11.64
typst/typst,typst,941,2565,73.16,1814,22,0.0,Rust,5.89
serhii-londar/open-source-mac-os-apps,open-source-mac-os-apps,119,161,57.5,520,0,1.0,,7.79
dbeaver/dbeaver,dbeaver,3097,16301,84.03,6073,230,0.0,Java,9.82
discourse/discourse,discourse,137,0,0.0,29921,0,6.0,Ruby,12.59
akullpp/awesome-java,awesome-java,2,136,98.55,710,0,3.0,,11.11
oobabooga/text-generation-webui,text-generation-webui,2580,1427,35.61,1177,79,2.0,Python,2.66
meteor/meteor,meteor,366,8945,96.07,2516,0,2.0,JavaScript,13.58
dypsilon/frontend-dev-bookmarks,frontend-dev-bookmarks,127,82,39.23,125,1,0.0,,12.15
Homebrew/brew,brew,37,4765,99.23,12951,440,0.0,Ruby,9.45
google/zx,zx,16,476,96.75,541,95,2.0,JavaScript,4.28
ultralytics/ultralytics,ultralytics,366,11384,96.89,3490,253,0.0,Python,2.93
coollabsio/coolify,coolify,609,2229,78.54,1641,619,0.0,PHP,4.56
unslothai/unsloth,unsloth,793,1723,68.48,470,16,0.0,Python,1.72
termux/termux-app,termux-app,462,2517,84.49,145,95,0.0,Java,9.82
vercel/hyper,hyper,1018,2872,73.83,3282,88,1.0,TypeScript,9.13
isocpp/CppCoreGuidelines,CppCoreGuidelines,256,964,79.02,800,4,2.0,CSS,10.0
parcel-bundler/parcel,parcel,585,5009,89.54,2588,48,0.0,JavaScript,8.03
2dust/v2rayNG,v2rayNG,9,3405,99.74,497,256,0.0,Kotlin,6.26
DovAmir/awesome-design-patterns,awesome-design-patterns,20,5,20.0,29,0,2.0,,7.2
astaxie/build-web-application-with-golang,build-web-application-with-golang,133,183,57.91,741,0,5.0,Go,13.04
run-llama/llama_index,llama_index,289,6376,95.66,6996,404,0.0,Python,2.79
acmesh-official/acme.sh,acme.sh,1314,2238,63.01,1412,44,3.0,Shell,9.64
babel/babel,babel,756,8401,91.74,6277,442,1.0,TypeScript,10.89
aymericdamien/TensorFlow-Examples,TensorFlow-Examples,225,70,23.73,88,0,4.0,Jupyter Notebook,9.77
square/retrofit,retrofit,160,2621,94.25,1182,4,7.0,HTML,14.94
karpathy/nanoGPT,nanoGPT,305,109,26.33,45,0,1.0,Python,2.64
usememos/memos,memos,35,2432,98.58,1794,80,0.0,Go,3.69
react-hook-form/react-hook-form,react-hook-form,84,4761,98.27,2070,585,4.0,TypeScript,6.45
FuelLabs/fuels-rs,fuels-rs,70,609,89.69,896,117,56.0,Rust,3.79
jeecgboot/JeecgBoot,JeecgBoot,26,7528,99.66,122,61,4.0,Java,6.72
microsoft/monaco-editor,monaco-editor,737,3153,81.05,466,91,2.0,JavaScript,9.19
FuelLabs/fuels-ts,fuels-ts,74,1398,94.97,1969,154,56.0,TypeScript,3.95
prisma/prisma,prisma,2334,9039,79.48,6328,223,1.0,TypeScript,6.16
grpc/grpc,grpc,1125,11117,90.81,19978,355,6.0,C++,10.69
LeCoupa/awesome-cheatsheets,awesome-cheatsheets,124,59,32.24,167,0,0.0,JavaScript,7.77
yangshun/front-end-interview-handbook,front-end-interview-handbook,12,91,88.35,344,0,2.0,MDX,7.59
Leaflet/Leaflet,Leaflet,528,4882,90.24,3108,33,1.0,JavaScript,14.9
streamich/react-use,react-use,628,244,27.98,1532,256,6.0,TypeScript,6.81
metabase/metabase,metabase,3844,19420,83.48,33869,676,3.0,Clojure,10.54
RocketChat/Rocket.Chat,Rocket.Chat,3349,13771,80.44,14433,1102,1.0,TypeScript,10.25
pyenv/pyenv,pyenv,58,1805,96.89,969,132,2.0,Roff,12.96
GitSquared/edex-ui,edex-ui,6,553,98.93,398,29,1.0,JavaScript,8.55
sudheerj/reactjs-interview-questions,reactjs-interview-questions,3,107,97.27,161,0,0.0,JavaScript,7.21
FlowiseAI/Flowise,Flowise,687,1626,70.3,1324,73,0.0,TypeScript,2.38
jellyfin/jellyfin,jellyfin,531,6871,92.83,4815,91,0.0,C#,6.69
Unitech/pm2,pm2,1068,4078,79.25,547,128,1.0,JavaScript,12.24
expo/expo,expo,790,16509,95.43,17835,0,1.0,TypeScript,9.0
coreybutler/nvm-windows,nvm-windows,91,847,90.3,107,23,4.0,Go,10.91
k88hudson/git-flight-rules,git-flight-rules,18,55,75.34,221,0,1.0,,11.07
ggml-org/whisper.cpp,whisper.cpp,998,830,45.4,861,27,0.0,C++,2.89
ClickHouse/ClickHouse,ClickHouse,5084,20509,80.14,50176,672,1.0,C++,9.21
alex/what-happens-when,what-happens-when,2080,53,2.48,101,0,2.0,,11.78
coqui-ai/TTS,TTS,5,1185,99.58,465,98,0.0,Python,5.24
opendatalab/MinerU,MinerU,130,1540,92.22,1020,121,2.0,Python,1.46
Alamofire/Alamofire,Alamofire,50,2757,98.22,650,102,10.0,Swift,11.05
GokuMohandas/Made-With-ML,Made-With-ML,20,58,74.36,147,0,1.0,Jupyter Notebook,6.78
faif/python-patterns,python-patterns,15,83,84.69,267,0,0.0,Python,13.2
Light-City/CPlusPlusThings,CPlusPlusThings,16,218,93.16,72,0,5.0,C++,6.09
getsentry/sentry,sentry,2493,13582,84.49,72677,154,6.0,Python,14.96
astral-sh/ruff,ruff,1667,5613,77.1,11117,375,0.0,Rust,3.02
apache/spark,spark,219,0,0.0,8,0,3.0,Scala,11.47
apache/airflow,airflow,1549,11108,87.76,29187,102,0.0,Python,10.35
iina/iina,iina,1812,2427,57.25,851,45,1.0,Swift,8.66
Stability-AI/stablediffusion,stablediffusion,299,76,20.27,17,0,2.0,Python,2.73
yarnpkg/yarn,yarn,2074,4731,69.52,1644,152,2.0,JavaScript,9.58
Kong/kong,kong,149,4485,96.78,6474,145,0.0,Lua,10.75
NaiboWang/EasySpider,EasySpider,227,485,68.12,40,10,3.0,JavaScript,5.08
spf13/cobra,cobra,321,986,75.44,613,24,0.0,Go,11.95
freqtrade/freqtrade,freqtrade,41,5300,99.23,5873,100,2.0,Python,8.25
mingrammer/diagrams,diagrams,385,222,36.57,327,44,13.0,Python,5.54
tldraw/tldraw,tldraw,277,1514,84.53,3542,79,4.0,TypeScript,4.27
nolimits4web/swiper,swiper,233,5537,95.96,601,87,9.0,JavaScript,13.43
apachecn/ailearning,ailearning,3,112,97.39,478,2,3.0,Python,8.47
apache/dubbo,dubbo,904,6471,87.74,5778,111,2.0,Java,13.16
bailicangdu/vue2-elm,vue2-elm,119,512,81.14,21,0,6.0,Vue,8.65
zai-org/ChatGLM-6B,ChatGLM-6B,598,751,55.67,48,0,1.0,Python,2.43
hpcaitech/ColossalAI,ColossalAI,476,1298,73.17,3698,50,0.0,Python,3.8
bevyengine/bevy,bevy,2908,4812,62.33,6160,43,1.0,Rust,5.58
tw93/Pake,Pake,48,352,88.0,100,31,7.0,Rust,2.84
dcloudio/uni-app,uni-app,731,4228,85.26,451,0,18.0,JavaScript,7.1
nwjs/nw.js,nw.js,928,6476,87.47,574,0,0.0,JavaScript,13.62
KRTirtho/spotube,spotube,813,1082,57.1,244,40,1.0,Dart,4.5
AykutSarac/jsoncrack.com,jsoncrack.com,40,234,85.4,85,22,1.0,TypeScript,3.55
streamlit/streamlit,streamlit,1241,4265,77.46,5589,105,0.0,Python,5.98
styled-components/styled-components,styled-components,326,2651,89.05,965,176,8.0,TypeScript,9.0
docker/awesome-compose,awesome-compose,273,40,12.78,149,0,2.0,HTML,5.51
psf/black,black,361,2393,86.89,1576,46,0.0,Python,7.43
vuetifyjs/vuetify,vuetify,673,14392,95.53,4387,605,0.0,TypeScript,8.93
hexojs/hexo,hexo,94,3912,97.65,943,114,6.0,TypeScript,12.9
ziglang/zig,zig,3655,9676,72.58,9095,20,1.0,Zig,10.03
zhongyang219/TrafficMonitor,TrafficMonitor,1179,712,37.65,63,26,4.0,C++,8.05
fastlane/fastlane,fastlane,910,12499,93.21,6225,552,0.0,Ruby,10.71
cli/cli,cli,870,4290,83.14,2599,173,1.0,Go,5.87
bannedbook/fanqiang,fanqiang,329,466,58.62,3,3,13.0,Kotlin,10.59
mitmproxy/mitmproxy,mitmproxy,370,3226,89.71,2621,76,4.0,Python,15.5
SimplifyJobs/Summer2026-Internships,Summer2026-Internships,5,3461,99.86,1672,0,0.0,,5.23
dylanaraps/pure-bash-bible,pure-bash-bible,62,33,34.74,28,0,2.0,Shell,7.18
tabler/tabler,tabler,94,1004,91.44,720,51,6.0,HTML,7.54
chubin/cheat.sh,cheat.sh,136,133,49.44,127,0,1.0,Python,8.28
LC044/WeChatMsg,WeChatMsg,25,0,0.0,62,0,2.0,,2.6
1c7/chinese-independent-developer,chinese-independent-developer,1,198,99.5,308,0,10.0,,7.9
deepspeedai/DeepSpeed,DeepSpeed,1195,2080,63.51,2740,97,7.0,Python,5.57
GitHubDaily/GitHubDaily,GitHubDaily,405,176,30.29,3,0,0.0,,6.63
microsoft/AI-For-Beginners,AI-For-Beginners,63,106,62.72,168,0,1.0,Jupyter Notebook,4.46
penpot/penpot,penpot,504,1427,73.9,4484,59,1.0,Clojure,9.63
colinhacks/zod,zod,261,2496,90.53,833,179,1.0,TypeScript,5.45
bradtraversy/50projects50days,50projects50days,23,0,0.0,44,0,3.0,CSS,4.75
chakra-ui/chakra-ui,chakra-ui,10,4145,99.76,2806,3539,1.0,TypeScript,6.0
gradio-app/gradio,gradio,444,5487,92.51,4730,3972,1.0,Python,6.66
helix-editor/helix,helix,1219,4533,78.81,4223,30,0.0,Rust,5.21
google-research/bert,bert,885,355,28.63,32,0,4.0,Python,6.81
lukasz-madon/awesome-remote-job,awesome-remote-job,6,75,92.59,587,0,0.0,,10.62
slidevjs/slidev,slidev,157,1071,87.21,706,394,4.0,TypeScript,4.31
wg/wrk,wrk,201,262,56.59,0,0,8.0,C,13.41
php/php-src,php-src,1504,3487,69.87,4244,23,1.0,C,14.17
virattt/ai-hedge-fund,ai-hedge-fund,38,198,83.9,33,0,0.0,Python,0.71
QSCTech/zju-icicles,zju-icicles,10,69,87.34,224,0,3.0,HTML,9.14
evanw/esbuild,esbuild,559,3244,85.3,246,301,2.0,Go,9.17
harry0703/MoneyPrinterTurbo,MoneyPrinterTurbo,190,392,67.35,136,9,2.0,Python,1.43
floodsung/Deep-Learning-Papers-Reading-Roadmap,Deep-Learning-Papers-Reading-Roadmap,91,5,5.21,27,0,0.0,Python,8.84
gedoor/legado,legado,69,2922,97.69,1123,115,1.0,Kotlin,6.24
byoungd/English-level-up-tips,English-level-up-tips,30,72,70.59,26,0,4.0,HTML,8.22
sharkdp/fd,fd,148,786,84.15,636,40,0.0,Rust,8.27
upscayl/upscayl,upscayl,61,890,93.59,100,29,0.0,TypeScript,3.05
videojs/video.js,video.js,608,4807,88.77,1800,332,1.0,JavaScript,15.26
lm-sys/FastChat,FastChat,954,1066,52.77,849,14,1.0,Python,2.41
Dogfalo/materialize,materialize,792,4599,85.31,445,41,1.0,JavaScript,10.93
ChrisTitusTech/winutil,winutil,195,1706,89.74,846,22,0.0,PowerShell,3.3
pingcap/tidb,tidb,5196,17220,76.82,33017,210,7.0,Go,9.95
jgm/pandoc,pandoc,1052,7010,86.95,1676,147,5.0,Haskell,15.41
vim/vim,vim,1581,7391,82.38,440,0,1.0,Vim Script,10.0
go-gorm/gorm,gorm,472,5547,92.16,740,5,0.0,Go,11.81
curl/curl,curl,42,5133,99.19,198,91,0.0,C,15.41
tmux/tmux,tmux,62,3657,98.33,1,37,3.0,C,10.2
zhayujie/chatgpt-on-wechat,chatgpt-on-wechat,344,1699,83.16,261,63,6.0,Python,3.03
ray-project/ray,ray,2988,18201,85.9,27069,108,2.0,Python,8.81
remoteintech/remote-jobs,remote-jobs,39,168,81.16,1276,0,1.0,JavaScript,9.85
aria2/aria2,aria2,1112,824,42.56,252,24,2.0,C++,14.72
google/styleguide,styleguide,164,239,59.31,194,0,4.0,HTML,10.25
suno-ai/bark,bark,254,239,48.48,19,0,3.0,Jupyter Notebook,2.36
mem0ai/mem0,mem0,520,719,58.03,1656,265,0.0,Python,2.16
DIYgod/RSSHub,RSSHub,381,5737,93.77,11013,0,0.0,TypeScript,7.38
saadeghi/daisyui,daisyui,56,1926,97.17,425,100,1.0,Svelte,4.71
QuivrHQ/quivr,quivr,21,1533,98.65,1819,354,0.0,Python,2.26
phaserjs/phaser,phaser,106,4467,97.68,1699,171,12.0,JavaScript,12.35
trpc/trpc,trpc,193,1138,85.5,3701,217,2.0,TypeScript,5.08
files-community/Files,Files,522,10092,95.08,5326,123,1.0,C#,6.62
photoprism/photoprism,photoprism,431,1956,81.94,811,78,1.0,Go,7.55
makeplane/plane,plane,496,867,63.61,5570,48,0.0,TypeScript,2.74
PhilJay/MPAndroidChart,MPAndroidChart,2190,2899,56.97,191,44,13.0,Java,11.31
freefq/free,free,534,215,28.7,0,0,6.0,,5.19
impress/impress.js,impress.js,63,431,87.25,119,15,1.0,JavaScript,13.63
google/leveldb,leveldb,365,537,59.53,63,21,1.0,C++,10.97
logseq/logseq,logseq,1291,6685,83.81,3063,150,1.0,Clojure,5.23
koalaman/shellcheck,shellcheck,1140,1719,60.13,305,30,5.0,Haskell,12.75
preactjs/preact,preact,135,1838,93.16,1914,229,6.0,JavaScript,9.93
appsmithorg/appsmith,appsmith,4380,19223,81.44,13941,290,1.0,TypeScript,5.13
ccxt/ccxt,ccxt,1359,10088,88.13,13317,172,0.0,Python,8.26
novuhq/novu,novu,235,1397,85.6,5995,50,0.0,TypeScript,3.98
calcom/cal.com,cal.com,1421,6911,82.95,10473,505,1.0,TypeScript,4.41
gto76/python-cheatsheet,python-cheatsheet,22,60,73.17,14,0,7.0,Python,7.56
goabstract/Awesome-Design-Tools,Awesome-Design-Tools,99,25,20.16,279,0,2.0,JavaScript,6.51
2noise/ChatTTS,ChatTTS,70,587,89.35,215,6,1.0,Python,1.22
karanpratapsingh/system-design,system-design,2,21,91.3,11,0,0.0,,3.01
FreeCodeCampChina/freecodecamp.cn,freecodecamp.cn,156,445,74.04,55,0,20.0,CSS,8.88
LAION-AI/Open-Assistant,Open-Assistant,293,1417,82.87,1614,127,0.0,Python,2.68
ant-design/ant-design-pro,ant-design-pro,155,9600,98.41,1002,26,3.0,TypeScript,7.98
gofiber/fiber,fiber,100,1480,93.67,1792,127,0.0,Go,5.59
cloudcommunity/Free-Certifications,Free-Certifications,52,69,57.02,114,0,0.0,,5.05
eugenp/tutorials,tutorials,44,772,94.61,13189,0,2.0,Java,12.3
lapce/lapce,lapce,841,1177,58.33,1165,32,1.0,Rust,7.53
istio/istio,istio,523,20666,97.53,28379,393,5.0,Go,8.74
menloresearch/jan,jan,175,2678,93.87,2629,87,0.0,TypeScript,2.0
naptha/tesseract.js,tesseract.js,40,695,94.56,194,56,3.0,JavaScript,10.15
TencentARC/GFPGAN,GFPGAN,393,133,25.29,14,8,8.0,Python,4.41
dotnet/aspnetcore,aspnetcore,3697,34007,90.19,17725,258,1.0,C#,11.44
0voice/interview_internal_reference,interview_internal_reference,33,19,36.54,35,0,5.0,Python,6.19
payloadcms/payload,payload,721,3329,82.2,5784,521,1.0,TypeScript,4.61
dockur/windows,windows,100,736,88.04,411,104,0.0,Shell,1.59
Kong/insomnia,insomnia,747,3193,81.04,3330,523,2.0,TypeScript,9.32
inkonchain/docs,docs,34,13,27.66,393,0,1.0,MDX,1.28
inkonchain/node,node,13,13,50.0,35,6,1.0,Shell,1.26
denysdovhan/wtfjs,wtfjs,46,95,67.38,125,25,5.0,JavaScript,8.09
fastapi/full-stack-fastapi-template,full-stack-fastapi-template,213,259,54.87,410,10,0.0,TypeScript,6.48
freeCodeCamp/devdocs,devdocs,224,1039,82.26,925,0,6.0,Ruby,11.81
NervJS/taro,taro,1615,11015,87.21,3391,200,4.0,TypeScript,7.36
inkonchain/ink-kit,ink-kit,2,3,60.0,90,0,1.0,TypeScript,0.78
Aider-AI/aider,aider,1169,2689,69.7,263,93,0.0,Python,2.28
exacity/deeplearningbook-chinese,deeplearningbook-chinese,67,139,67.48,16,7,4.0,TeX,8.69
vlang/v,v,1101,8586,88.63,12175,273,1.0,V,6.52
facebookresearch/faiss,faiss,289,2440,89.41,137,20,0.0,C++,8.52
milvus-io/milvus,milvus,648,13447,95.4,22735,128,0.0,Go,5.92
alibaba/arthas,arthas,461,1722,78.88,539,59,12.0,Java,6.97
siyuan-note/siyuan,siyuan,453,14440,96.96,481,812,2.0,TypeScript,4.96
AobingJava/JavaFamily,JavaFamily,5,60,92.31,2,0,14.0,,5.76
huihut/interview,interview,1,65,98.48,35,0,4.0,C++,7.52
google/googletest,googletest,455,1979,81.31,783,11,7.0,C++,10.06
satwikkansal/wtfpython,wtfpython,68,157,69.78,113,2,1.0,Python,7.97
halo-dev/halo,halo,331,3987,92.33,2606,225,2.0,Java,7.41
babysor/MockingBird,MockingBird,481,412,46.14,80,1,0.0,Python,4.03
DataExpert-io/data-engineer-handbook,data-engineer-handbook,20,64,76.19,171,0,0.0,Jupyter Notebook,1.74
openai/gym,gym,127,1726,93.15,996,19,2.0,Python,9.31
httpie/cli,cli,211,722,77.38,404,47,1.0,Python,13.48
ToolJet/ToolJet,ToolJet,938,4326,82.18,6615,313,3.0,JavaScript,4.38
chatboxai/chatbox,chatbox,860,1450,62.77,70,47,1.0,TypeScript,2.45
usebruno/bruno,bruno,1472,1831,55.43,1251,140,0.0,JavaScript,2.89
google-research/google-research,google-research,1640,343,17.3,29,0,6.0,Jupyter Notebook,6.87
open-guides/og-aws,og-aws,159,87,35.37,493,0,0.0,Shell,9.1
zbezj/HEU_KMS_Activator,HEU_KMS_Activator,156,28,15.22,0,47,4.0,,6.15
rapid7/metasploit-framework,metasploit-framework,467,5840,92.6,11285,0,0.0,Ruby,13.97
docling-project/docling,docling,498,613,55.18,504,114,0.0,Python,1.11
hiroi-sora/Umi-OCR,Umi-OCR,271,512,65.39,56,31,4.0,Python,3.39
nushell/nushell,nushell,1555,5138,76.77,7853,111,1.0,Rust,6.27
opentofu/manifesto,manifesto,20,14,41.18,765,0,2.0,HTML,2.01
date-fns/date-fns,date-fns,843,1367,61.86,1068,122,12.0,TypeScript,10.86
shadowsocks/shadowsocks-android,shadowsocks-android,54,2457,97.85,247,185,3.0,Kotlin,12.67
lerna/lerna,lerna,402,2278,85.0,994,244,2.0,TypeScript,9.7
docker/compose,compose,91,8039,98.88,3540,263,5.0,Go,11.69
XingangPan/DragGAN,DragGAN,153,46,23.12,18,0,6.0,Python,2.25
chatchat-space/Langchain-Chatchat,Langchain-Chatchat,124,4075,97.05,615,31,1.0,TypeScript,2.38
NanmiCoder/MediaCrawler,MediaCrawler,101,390,79.43,100,0,1.0,Python,2.19
SheetJS/sheetjs,sheetjs,132,2267,94.5,106,0,4.0,,12.7
formulahendry/955.WLB,955.WLB,201,82,28.98,18,0,8.0,,6.39
crewAIInc/crewAI,crewAI,141,1428,91.01,910,97,0.0,Python,1.81
geekxh/hello-algorithm,hello-algorithm,11,33,75.0,26,0,12.0,Java,5.22
imputnet/cobalt,cobalt,186,774,80.62,243,0,0.0,Svelte,3.11
typeorm/typeorm,typeorm,2471,6055,71.02,2166,37,0.0,TypeScript,9.46
carbon-app/carbon,carbon,71,626,89.81,667,215,6.0,JavaScript,8.17
koajs/koa,koa,22,909,97.64,521,9,0.0,JavaScript,12.08
hankcs/HanLP,HanLP,12,1421,99.16,79,62,5.0,Python,10.86
alvarotrigo/fullPage.js,fullPage.js,149,3999,96.41,318,105,0.0,JavaScript,11.91
airbnb/lottie-android,lottie-android,37,1744,97.92,712,59,6.0,Java,8.86
PKUanonym/REKCARC-TSC-UHT,REKCARC-TSC-UHT,2,30,93.75,170,0,7.0,HTML,6.37
markedjs/marked,marked,13,1590,99.19,1552,155,5.0,TypeScript,14.07
kilimchoi/engineering-blogs,engineering-blogs,141,74,34.42,658,0,2.0,Ruby,10.18
openai/codex,codex,371,625,62.75,844,76,0.0,Rust,0.34
jondot/awesome-react-native,awesome-react-native,98,35,26.32,906,0,2.0,JavaScript,10.4
mindsdb/mindsdb,mindsdb,128,4245,97.07,5357,310,0.0,Python,7.04
nativefier/nativefier,nativefier,258,982,79.19,261,99,1.0,TypeScript,10.12
zen-browser/desktop,desktop,423,6498,93.89,476,115,0.0,C++,1.39
spacedriveapp/spacedrive,spacedrive,124,388,75.78,1881,26,0.0,TypeScript,3.89
junegunn/vim-plug,vim-plug,83,966,92.09,176,8,0.0,Vim Script,11.93
sahat/hackathon-starter,hackathon-starter,10,670,98.53,347,17,1.0,JavaScript,11.76
huggingface/pytorch-image-models,pytorch-image-models,76,946,92.56,479,69,6.0,Python,6.54
sqlmapproject/sqlmap,sqlmap,63,5292,98.82,169,10,0.0,Python,13.14
unknwon/the-way-to-go_ZH_CN,the-way-to-go_ZH_CN,46,0,0.0,591,0,13.0,Go,12.4
twentyhq/twenty,twenty,224,4990,95.7,7133,45,1.0,TypeScript,2.71
alebcay/awesome-shell,awesome-shell,115,23,16.67,300,0,2.0,,11.11
bumptech/glide,glide,598,3920,86.76,569,47,13.0,Java,12.11
pola-rs/polars,polars,2764,8701,75.89,11458,226,0.0,Rust,5.26
HeyPuter/puter,puter,202,512,71.71,585,8,2.0,JavaScript,1.46
TeamNewPipe/NewPipe,NewPipe,1247,8399,87.07,1646,137,2.0,Java,9.95
fengdu78/Coursera-ML-AndrewNg-Notes,Coursera-ML-AndrewNg-Notes,67,15,18.29,13,0,0.0,HTML,7.78
reworkd/AgentGPT,AgentGPT,211,337,61.5,539,12,6.0,TypeScript,2.36
doocs/leetcode,leetcode,1,56,98.25,4086,21,6.0,Java,6.92
mudler/LocalAI,LocalAI,417,686,62.19,3895,83,0.0,Go,2.41
outline/outline,outline,108,3392,96.91,3325,147,0.0,TypeScript,9.24
sorrycc/awesome-javascript,awesome-javascript,21,88,80.73,389,0,3.0,,11.13
BVLC/caffe,caffe,1177,3901,76.82,1084,14,0.0,C++,11.93
yeongpin/cursor-free-vip,cursor-free-vip,549,473,46.28,74,69,3.0,Python,0.6
microsoft/ai-agents-for-beginners,ai-agents-for-beginners,18,56,75.68,145,0,0.0,Jupyter Notebook,0.72
charmbracelet/bubbletea,bubbletea,123,294,70.5,627,62,0.0,Go,5.6
chenfei-wu/TaskMatrix,TaskMatrix,258,136,34.52,21,0,8.0,Python,2.46
nodejs/node-v0.x-archive,node-v0.x-archive,0,6379,100.0,218,0,19.0,,16.22
fastify/fastify,fastify,119,2013,94.42,3124,298,0.0,JavaScript,8.88
netty/netty,netty,669,6095,90.11,4414,0,2.0,Java,14.77
fxsjy/jieba,jieba,690,228,24.84,91,9,19.0,Python,12.88
jaredpalmer/formik,formik,830,1558,65.24,828,196,1.0,TypeScript,8.18
ghostty-org/ghostty,ghostty,186,1626,89.74,2570,1,0.0,Zig,3.39
xitu/gold-miner,gold-miner,10,5592,99.82,3492,0,0.0,,9.79
karpathy/LLM101n,LLM101n,19,0,0.0,0,0,3.0,,1.22
geekan/HowToLiveLonger,HowToLiveLonger,38,103,73.05,14,0,6.0,,3.34
zenorocha/clipboard.js,clipboard.js,12,618,98.1,116,42,1.0,JavaScript,9.91
huiyadanli/RevokeMsgPatcher,RevokeMsgPatcher,45,828,94.85,11,21,6.0,C#,6.08
ManimCommunity/manim,manim,465,1295,73.58,1922,29,0.0,Python,5.25
solidjs/solid,solid,120,996,89.25,384,35,1.0,TypeScript,7.32
testerSunshine/12306,12306,281,466,62.38,31,1,20.0,Python,8.25
atlassian/react-beautiful-dnd,react-beautiful-dnd,644,1045,61.87,529,68,1.0,JavaScript,8.02
myshell-ai/OpenVoice,OpenVoice,269,67,19.94,17,0,0.0,Python,1.72
portainer/portainer,portainer,793,5277,86.94,4775,160,2.0,TypeScript,9.25
jaywcjlove/linux-command,linux-command,82,133,61.86,350,31,12.0,Markdown,8.76
llvm/llvm-project,llvm-project,31504,60073,65.6,55046,136,0.0,LLVM,8.69
typicode/husky,husky,94,1016,91.53,262,80,1.0,JavaScript,11.15
laravel/framework,framework,71,18822,99.62,16212,854,2.0,PHP,12.6
roboflow/supervision,supervision,125,415,76.85,967,33,0.0,Python,2.72
python-poetry/poetry,poetry,580,5712,90.78,2328,142,0.0,Python,7.47
xkcoding/spring-boot-demo,spring-boot-demo,142,73,33.95,15,0,6.0,Java,7.77
geekcomputers/Python,Python,434,149,25.56,1813,0,5.0,Python,13.71
anoma/anoma,anoma,185,578,75.75,856,10,0.0,Elixir,4.54
shadowsocks/shadowsocks,shadowsocks,450,0,0.0,69,2,18.0,Python,13.33
halfrost/LeetCode-Go,LeetCode-Go,20,64,76.19,178,4,0.0,Go,8.08
zsh-users/zsh-autosuggestions,zsh-autosuggestions,186,458,71.12,116,0,2.0,Shell,11.81
Blankj/AndroidUtilCode,AndroidUtilCode,323,1280,79.85,87,117,66.0,Java,9.05
alibaba/easyexcel,easyexcel,568,3130,84.64,190,14,0.0,Java,7.53
AFNetworking/AFNetworking,AFNetworking,102,0,0.0,705,40,2.0,Objective-C,14.21
TheAlgorithms/JavaScript,JavaScript,127,200,61.16,791,0,2.0,JavaScript,8.1
zxing/zxing,zxing,11,1314,99.17,318,31,0.0,Java,13.85
deepseek-ai/awesome-deepseek-integration,awesome-deepseek-integration,139,39,21.91,230,0,2.0,,1.6
mattermost/mattermost,mattermost,974,8376,89.58,19223,839,3.0,TypeScript,10.17
veggiemonk/awesome-docker,awesome-docker,8,127,94.07,919,1,2.0,,10.9
aseprite/aseprite,aseprite,1840,2495,57.55,404,117,0.0,C++,10.99
ShareX/ShareX,ShareX,516,6345,92.48,737,82,0.0,C#,11.85
XX-net/XX-Net,XX-Net,7917,5418,40.63,334,388,14.0,Python,10.59
Pythagora-io/gpt-pilot,gpt-pilot,244,314,56.27,393,0,6.0,Python,2.0
ehang-io/nps,nps,521,697,57.22,73,59,2.0,Go,6.78
ryanhanwu/How-To-Ask-Questions-The-Smart-Way,How-To-Ask-Questions-The-Smart-Way,9,20,68.97,98,0,6.0,JavaScript,10.39
exelban/stats,stats,30,2149,98.62,409,301,0.0,Swift,6.22
jax-ml/jax,jax,2240,4873,68.51,14982,125,0.0,Python,6.81
adobe/brackets,brackets,2779,7063,71.76,4308,69,17.0,JavaScript,13.69
carbon-language/carbon-lang,carbon-lang,175,561,76.22,4347,406,3.0,C++,5.31
harness/harness,harness,75,1933,96.26,1042,52,2.0,Go,11.52
danielmiessler/Fabric,Fabric,129,611,82.57,430,243,0.0,JavaScript,1.62
gulpjs/gulp,gulp,33,1908,98.3,405,24,1.0,JavaScript,12.12
immutable-js/immutable-js,immutable-js,113,1169,91.19,595,89,0.0,TypeScript,11.13
bilibili/ijkplayer,ijkplayer,2884,2548,46.91,35,0,8.0,C,12.21
SeleniumHQ/selenium,selenium,249,10777,97.74,2992,108,0.0,Java,12.59
qishibo/AnotherRedisDesktopManager,AnotherRedisDesktopManager,150,927,86.07,152,53,6.0,JavaScript,6.61
hashicorp/vault,vault,1372,5242,79.26,21297,168,0.0,Go,10.48
mifi/lossless-cut,lossless-cut,214,1423,86.93,200,100,5.0,TypeScript,8.8
CMU-Perceptual-Computing-Lab/openpose,openpose,358,1667,82.32,173,15,1.0,C++,8.31
lllyasviel/ControlNet,ControlNet,454,138,23.31,4,0,7.0,Python,2.54
shadowsocks/ShadowsocksX-NG,ShadowsocksX-NG,312,1049,77.08,64,30,14.0,Swift,9.19
YunaiV/ruoyi-vue-pro,ruoyi-vue-pro,6,640,99.07,62,44,1.0,Java,4.56
bayandin/awesome-awesomeness,awesome-awesomeness,41,52,55.91,197,0,0.0,Ruby,11.11
lib-pku/libpku,libpku,15,32,68.09,22,0,6.0,TeX,6.74
TheAlgorithms/C-Plus-Plus,C-Plus-Plus,28,311,91.74,676,0,0.0,C++,9.09
PatrickJS/awesome-cursorrules,awesome-cursorrules,39,8,17.02,64,0,0.0,MDX,0.92
swc-project/swc,swc,438,3563,89.05,5587,712,15.0,Rust,7.65
AmruthPillai/Reactive-Resume,Reactive-Resume,339,1247,78.63,633,95,0.0,TypeScript,5.4
facebookresearch/detectron2,detectron2,575,3091,84.32,0,10,1.0,Python,5.95
qbittorrent/qBittorrent,qBittorrent,2335,14542,86.16,3904,0,3.0,C++,13.53
alan2207/bulletproof-react,bulletproof-react,45,77,63.11,70,0,1.0,TypeScript,4.22
jqlang/jq,jq,445,1919,81.18,628,15,0.0,C,13.08
certbot/certbot,certbot,177,5334,96.79,3986,62,6.0,Python,10.76
DataTalksClub/data-engineering-zoomcamp,data-engineering-zoomcamp,3,134,97.81,395,0,1.0,Jupyter Notebook,3.82
pnpm/pnpm,pnpm,1948,3013,60.73,2668,1012,0.0,TypeScript,9.55
pbatard/rufus,rufus,8,2503,99.68,1,84,4.0,C,13.74
ibraheemdev/modern-unix,modern-unix,66,30,31.25,15,0,3.0,,4.59
drawdb-io/drawdb,drawdb,97,157,61.81,231,0,1.0,JavaScript,2.09
google/material-design-lite,material-design-lite,425,1813,81.01,654,14,8.0,HTML,10.59
pcottle/learnGitBranching,learnGitBranching,49,467,90.5,604,0,1.0,JavaScript,13.01
refinedev/refine,refine,47,1622,97.18,4421,1594,0.0,TypeScript,4.57
beego/beego,beego,20,3365,99.41,1319,42,5.0,Go,13.46
gchq/CyberChef,CyberChef,526,626,54.34,509,447,5.0,JavaScript,8.72
SerenityOS/serenity,serenity,734,3522,82.75,19486,0,1.0,C++,6.71
explosion/spaCy,spaCy,197,5550,96.57,3588,129,3.0,Python,11.12
xinntao/Real-ESRGAN,Real-ESRGAN,603,171,22.09,21,10,1.0,Python,4.08
lizongying/my-tv,my-tv,148,774,83.95,11,72,11.0,C,1.7
CorentinTh/it-tools,it-tools,717,199,21.72,491,10,1.0,Vue,5.37
The-Run-Philosophy-Organization/run,run,42,214,83.59,116,0,15.0,,3.35
mckaywrigley/chatbot-ui,chatbot-ui,220,817,78.78,269,0,0.0,TypeScript,2.44
directus/directus,directus,338,9043,96.4,8075,342,1.0,TypeScript,12.68
ueberdosis/tiptap,tiptap,726,2533,77.72,1247,896,1.0,TypeScript,6.99
duckdb/duckdb,duckdb,541,5650,91.26,8158,51,0.0,C++,7.14
TabbyML/tabby,tabby,252,733,74.42,2966,238,1.0,Rust,2.42
Chanzhaoyu/chatgpt-web,chatgpt-web,1,1747,99.94,159,43,30.0,Vue,2.52
alibaba/nacos,nacos,284,8887,96.9,3148,83,4.0,Java,7.17
balena-io/etcher,etcher,591,1822,75.51,1731,289,2.0,TypeScript,9.81
yewstack/yew,yew,146,1143,88.67,1797,35,1.0,Rust,7.67
agno-agi/agno,agno,208,1125,84.4,1712,85,0.0,Python,3.29
vercel/swr,swr,172,817,82.61,795,123,12.0,TypeScript,5.8
ziadoz/awesome-php,awesome-php,69,152,68.78,453,0,1.0,,11.72
Trinea/android-open-project,android-open-project,27,75,73.53,203,0,35.0,,11.61
shardeum/shardeum,shardeum,84,33,28.21,325,0,9.0,TypeScript,1.33
binarywang/WxJava,WxJava,68,2306,97.14,1053,30,9.0,Java,9.61
v2fly/v2ray-core,v2ray-core,52,1000,95.06,901,111,2.0,Go,6.34
pathwaycom/pathway,pathway,46,53,53.54,5,75,0.0,Python,2.72
chatanywhere/GPT_API_free,GPT_API_free,28,353,92.65,1,0,2.0,Python,2.32
facebookresearch/fairseq,fairseq,1342,3055,69.48,234,16,0.0,Python,7.97
mpv-player/mpv,mpv,999,9634,90.6,3426,87,1.0,C,12.84
CherryHQ/cherry-studio,cherry-studio,600,5706,90.49,1884,189,2.0,TypeScript,1.23
hasura/graphql-engine,graphql-engine,2366,4145,63.66,2107,293,2.0,TypeScript,7.16
yunjey/pytorch-tutorial,pytorch-tutorial,89,114,56.16,28,0,4.0,Python,8.44
zeromicro/go-zero,go-zero,336,1638,82.98,2317,140,3.0,Go,5.03
vnpy/vnpy,vnpy,24,2109,98.87,1051,64,4.0,Python,10.46
open-mmlab/mmdetection,mmdetection,1932,6745,77.73,2357,53,12.0,Python,6.99
floating-ui/floating-ui,floating-ui,32,1427,97.81,1188,493,4.0,TypeScript,9.39
mouredev/Hello-Python,Hello-Python,22,286,92.86,0,0,1.0,Python,3.04
remix-run/remix,remix,9,2602,99.66,3438,175,5.0,TypeScript,4.81
qier222/YesPlayMusic,YesPlayMusic,610,1191,66.13,288,31,4.0,Vue,4.85
RVC-Project/Retrieval-based-Voice-Conversion-WebUI,Retrieval-based-Voice-Conversion-WebUI,638,1296,67.01,475,7,2.0,Python,2.39
niklasvh/html2canvas,html2canvas,1034,1660,61.62,186,45,2.0,TypeScript,14.09
kuchin/awesome-cto,awesome-cto,0,11,100.0,18,0,4.0,,8.67
amix/vimrc,vimrc,20,510,96.23,105,0,5.0,Vim Script,13.22
RSSNext/Folo,Folo,205,2043,90.88,1248,70,2.0,TypeScript,1.36
ReactiveX/rxjs,rxjs,276,2941,91.42,2585,2,1.0,TypeScript,10.43
labstack/echo,echo,109,1392,92.74,591,109,3.0,Go,10.46
airbnb/lottie-web,lottie-web,833,2125,71.84,133,0,4.0,JavaScript,10.49
microsoft/MS-DOS,MS-DOS,3,0,0.0,37,0,7.0,Assembly,7.15
servo/servo,servo,3163,10974,77.63,20399,0,0.0,HTML,13.52
IceWhaleTech/CasaOS,CasaOS,675,879,56.56,274,97,0.0,Go,3.89
lutzroeder/netron,netron,20,1201,98.36,1,2,2.0,JavaScript,14.64
cockroachdb/cockroach,cockroach,7620,69076,90.06,67561,0,6.0,Go,11.53
backstage/backstage,backstage,485,6677,93.23,18911,439,8.0,TypeScript,5.56
xyflow/xyflow,xyflow,98,2179,95.7,1395,347,4.0,TypeScript,6.09
cursor/cursor,cursor,2015,1211,37.54,46,0,2.0,,2.43
mli/paper-reading,paper-reading,1,0,0.0,15,0,0.0,,3.82
mqyqingfeng/Blog,Blog,266,100,27.32,3,0,16.0,,8.43
ianstormtaylor/slate,slate,689,2528,78.58,1932,203,5.0,TypeScript,9.16
dokku/dokku,dokku,53,2753,98.11,4132,300,0.0,Shell,12.19
google-ai-edge/mediapipe,mediapipe,592,5028,89.47,201,63,1.0,C++,6.18
lovell/sharp,sharp,117,3863,97.06,301,99,9.0,JavaScript,11.99
0xAX/linux-insides,linux-insides,45,153,77.27,566,0,4.0,Python,10.62
mathiasbynens/dotfiles,dotfiles,185,254,57.86,42,0,2.0,Shell,13.95
coolsnowwolf/lede,lede,767,8379,91.61,2008,6,7.0,C,7.95
blueimp/jQuery-File-Upload,jQuery-File-Upload,52,3257,98.43,118,0,31.0,PHP,14.71
MonitorControl/MonitorControl,MonitorControl,15,968,98.47,216,26,2.0,Swift,7.92
schollz/croc,croc,10,530,98.15,235,175,0.0,Go,7.83
kubernetes/minikube,minikube,559,9598,94.5,8756,151,8.0,Go,9.34
filebrowser/filebrowser,filebrowser,32,2725,98.84,596,97,0.0,Go,9.93
ocrmypdf/OCRmyPDF,OCRmyPDF,140,1136,89.03,149,41,4.0,Python,11.66
1Panel-dev/1Panel,1Panel,633,4714,88.16,3788,96,1.0,Go,3.08
vadimdemedes/ink,ink,82,302,78.65,232,61,0.0,TypeScript,8.18
OpenCut-app/OpenCut,OpenCut,176,70,28.46,177,0,0.0,TypeScript,0.15
derailed/k9s,k9s,486,1719,77.96,828,248,3.0,Go,6.56
khoj-ai/khoj,khoj,83,474,85.1,474,158,1.0,Python,4.0
alibaba/p3c,p3c,186,697,78.94,62,0,12.0,Kotlin,8.15
apache/kafka,kafka,255,0,0.0,11797,0,2.0,Java,14.01
codex-team/editor.js,editor.js,685,921,57.35,863,102,6.0,TypeScript,9.72
XTLS/Xray-core,Xray-core,25,2541,99.03,990,90,2.0,Go,4.77
donnemartin/interactive-coding-challenges,interactive-coding-challenges,76,32,29.63,175,0,4.0,Python,10.31
fish-shell/fish-shell,fish-shell,501,7180,93.48,2139,48,1.0,Rust,13.27
SortableJS/Sortable,Sortable,505,1344,72.69,244,30,4.0,JavaScript,11.66
paperless-ngx/paperless-ngx,paperless-ngx,8,2096,99.62,2556,122,0.0,Python,3.51
awesome-foss/awesome-sysadmin,awesome-sysadmin,45,88,66.17,327,0,0.0,,10.65
ityouknow/spring-boot-examples,spring-boot-examples,17,99,85.34,6,0,4.0,Java,8.78
google/comprehensive-rust,comprehensive-rust,146,234,61.58,2171,0,1.0,Rust,2.66
Textualize/textual,textual,237,2073,89.74,2174,185,0.0,Python,4.36
microsoft/calculator,calculator,416,717,63.28,886,0,7.0,C++,6.55
juanfont/headscale,headscale,127,991,88.64,1046,124,0.0,Go,5.16
k3s-io/k3s,k3s,134,6805,98.07,4066,885,0.0,Go,7.21
symfony/symfony,symfony,879,20661,95.92,24131,555,1.0,PHP,15.62
utmapp/UTM,UTM,902,2524,73.67,264,121,3.0,Swift,6.35
influxdata/influxdb,influxdb,2142,11946,84.8,10591,93,8.0,Rust,11.89
parallax/jsPDF,jsPDF,119,2444,95.36,716,35,2.0,JavaScript,15.7
nextcloud/server,server,2694,17920,86.93,28083,348,1.0,PHP,9.21
microsoft/Data-Science-For-Beginners,Data-Science-For-Beginners,57,95,62.5,308,0,3.0,Jupyter Notebook,4.46
ascoders/weekly,weekly,3,363,99.18,136,193,7.0,JavaScript,8.41
webtorrent/webtorrent,webtorrent,77,1598,95.4,957,228,2.0,JavaScript,11.84
Binaryify/NeteaseCloudMusicApi,NeteaseCloudMusicApi,147,1190,89.01,292,0,4.0,,9.15
fabricjs/fabric.js,fabric.js,450,5761,92.75,2334,174,3.0,TypeScript,15.19
openai/CLIP,CLIP,259,193,42.7,28,0,1.0,Jupyter Notebook,4.67
huggingface/diffusers,diffusers,771,4406,85.11,4977,84,6.0,Python,3.22
layui/layui,layui,76,1293,94.45,590,158,32.0,JavaScript,9.9
facebook/rocksdb,rocksdb,1260,2635,67.65,603,206,4.0,C++,12.71
medusajs/medusa,medusa,155,3159,95.32,7430,128,4.0,TypeScript,5.58
iawia002/lux,lux,526,540,50.66,300,86,3.0,Go,7.48
gkd-kit/gkd,gkd,13,648,98.03,6,53,2.0,Kotlin,2.12
tqdm/tqdm,tqdm,568,587,50.82,285,131,0.0,Python,10.21
linexjlin/GPTs,GPTs,9,21,70.0,42,0,3.0,,1.77
docsifyjs/docsify,docsify,124,1198,90.62,727,15,2.0,JavaScript,8.74
TriliumNext/Trilium,Trilium,1088,3481,76.19,591,334,0.0,TypeScript,8.24
joshbuchea/HEAD,HEAD,29,73,71.57,86,0,10.0,,9.33
anthropics/claude-code,claude-code,3031,2800,48.02,56,0,0.0,TypeScript,0.48
alpinejs/alpine,alpine,47,612,92.87,657,137,1.0,HTML,5.72
AMAI-GmbH/AI-Expert-Roadmap,AI-Expert-Roadmap,23,46,66.67,13,0,4.0,JavaScript,4.81
numpy/numpy,numpy,2351,11385,82.88,13036,132,1.0,Python,14.92
s0md3v/roop,roop,13,0,0.0,80,6,6.0,Python,2.22
sequelize/sequelize,sequelize,984,9511,90.62,4927,487,10.0,TypeScript,15.07
umami-software/umami,umami,97,1760,94.78,792,99,0.0,TypeScript,5.08
tatsu-lab/stanford_alpaca,stanford_alpaca,188,98,34.27,5,0,3.0,Python,2.44
OWASP/CheatSheetSeries,CheatSheetSeries,53,487,90.19,1075,0,3.0,Python,6.66
OAI/OpenAPI-Specification,OpenAPI-Specification,163,2213,93.14,1569,12,3.0,Markdown,11.46
transloadit/uppy,uppy,169,2289,93.12,3091,196,1.0,TypeScript,9.75
DioxusLabs/dioxus,dioxus,462,1612,77.72,1749,25,0.0,Rust,4.59
exo-explore/exo,exo,427,146,25.48,207,12,1.0,Python,1.15
GyulyVGC/sniffnet,sniffnet,53,238,81.79,429,14,0.0,Rust,3.05
chinabugotech/hutool,hutool,4,2978,99.87,443,152,1.0,Java,11.35
Lightning-AI/pytorch-lightning,pytorch-lightning,990,6472,86.73,9067,167,6.0,Python,6.38
VincentGarreau/particles.js,particles.js,364,106,22.55,21,6,8.0,JavaScript,10.95
surrealdb/surrealdb,surrealdb,755,1470,66.07,2137,92,2.0,Rust,3.69
tinygrad/tinygrad,tinygrad,233,843,78.35,7890,12,2.0,Python,4.83
pathwaycom/llm-app,llm-app,6,12,66.67,47,0,2.0,Jupyter Notebook,2.08
square/leakcanary,leakcanary,136,1510,91.74,921,43,40.0,Kotlin,10.3
drizzle-team/drizzle-orm,drizzle-orm,1709,1692,49.75,610,146,0.0,TypeScript,4.15
foundation/foundation-sites,foundation-sites,69,8179,99.16,2833,79,30.0,HTML,13.84
herrbischoff/awesome-macos-command-line,awesome-macos-command-line,0,0,0.0,104,0,0.0,,9.9
jobbole/awesome-python-cn,awesome-python-cn,23,18,43.9,51,0,7.0,Makefile,9.79
vuejs/vue-cli,vue-cli,1068,4563,81.03,1255,177,2.0,JavaScript,9.64
DevToys-app/DevToys,DevToys,278,658,70.3,492,38,0.0,C#,3.88
restic/restic,restic,491,2392,82.97,2181,48,5.0,Go,11.31
AdguardTeam/AdGuardHome,AdGuardHome,1180,4629,79.69,123,213,2.0,Go,9.11
cheeriojs/cheerio,cheerio,34,1199,97.24,2833,61,1.0,TypeScript,13.86
facebook/folly,folly,396,931,70.16,13,253,5.0,C++,13.21
trailofbits/algo,algo,88,1534,94.57,574,2,1.0,Python,9.26
nothings/stb,stb,351,694,66.41,285,0,5.0,C,11.23
wailsapp/wails,wails,290,1858,86.5,1501,242,0.0,Go,6.67
JushBJJ/Mr.-Ranedeer-AI-Tutor,Mr.-Ranedeer-AI-Tutor,13,34,72.34,18,3,2.0,,2.38
apolloconfig/apollo,apollo,141,3212,95.79,1445,41,40.0,Java,9.45
microsoft/WSL,WSL,1035,10695,91.18,132,94,5.0,C++,9.36
elsewhencode/project-guidelines,project-guidelines,15,29,65.91,109,0,3.0,JavaScript,8.13
vbenjs/vue-vben-admin,vue-vben-admin,128,3468,96.44,1631,60,1.0,Vue,5.1
nicolargo/glances,glances,134,1932,93.51,737,51,3.0,Python,13.7
react-boilerplate/react-boilerplate,react-boilerplate,130,1823,93.34,705,16,3.0,JavaScript,10.49
motiondivision/motion,motion,295,1570,84.18,1061,0,2.0,TypeScript,6.75
aosabook/500lines,500lines,58,41,41.41,175,0,11.0,JavaScript,11.78
hyprwm/Hyprland,Hyprland,101,7206,98.62,1872,96,0.0,C++,3.42
ariya/phantomjs,phantomjs,14,4731,99.7,492,0,16.0,C++,14.64
mantinedev/mantine,mantine,24,3218,99.26,1487,271,1.0,TypeScript,4.61
pmndrs/react-three-fiber,react-three-fiber,95,1040,91.63,649,125,2.0,TypeScript,6.48
encode/django-rest-framework,django-rest-framework,98,3887,97.54,3011,21,1.0,Python,14.46
IanLunn/Hover,Hover,42,83,66.4,23,10,2.0,SCSS,11.62
heyverse/hey,hey,0,0,0.0,3765,0,0.0,TypeScript,3.41
AllThingsSmitty/css-protips,css-protips,6,61,91.04,73,0,1.0,,9.97
standard/standard,standard,127,1121,89.82,409,7,1.0,JavaScript,10.55
tokio-rs/tokio,tokio,389,2183,84.88,3557,138,7.0,Rust,8.93
alibaba/canal,canal,1225,3571,74.46,471,32,6.0,Java,12.59
GoogleChrome/lighthouse,lighthouse,502,8689,94.54,5464,125,21.0,JavaScript,9.44
hashicorp/consul,consul,1323,4269,76.34,13725,217,16.0,Go,11.78
lukehoban/es6features,es6features,39,36,48.0,41,0,2.0,,11.46
ageron/handson-ml2,handson-ml2,230,300,56.6,64,0,2.0,Jupyter Notebook,6.61
xuxueli/xxl-job,xxl-job,352,3007,89.52,113,38,6.0,Java,9.72
danny-avila/LibreChat,LibreChat,238,3076,92.82,2119,58,0.0,TypeScript,2.51
realpython/python-guide,python-guide,125,180,59.02,650,0,0.0,Batchfile,14.43
iperov/DeepFaceLive,DeepFaceLive,1,143,99.31,13,35,1.0,Python,4.67
GorvGoyl/Clone-Wars,Clone-Wars,23,70,75.27,129,0,1.0,,4.71
kodecocodes/swift-algorithm-club,swift-algorithm-club,62,183,74.69,603,0,0.0,Swift,9.56
spf13/viper,viper,519,489,48.51,507,34,2.0,Go,11.38
firecracker-microvm/firecracker,firecracker,79,1401,94.66,3160,78,3.0,Rust,7.83
composer/composer,composer,150,7751,98.1,2922,214,3.0,PHP,14.19
sampotts/plyr,plyr,919,1221,57.06,384,88,5.0,JavaScript,10.51
google-research/tuning_playbook,tuning_playbook,13,34,72.34,14,0,5.0,,2.58
keycloak/keycloak,keycloak,2256,13218,85.42,17473,86,0.0,Java,12.13
CSSEGISandData/COVID-19,COVID-19,1961,2078,51.45,2151,0,32.0,,5.53
XIU2/TrackersListCollection,TrackersListCollection,1,0,0.0,7,0,5.0,,5.87
refined-github/refined-github,refined-github,143,4370,96.83,3422,173,3.0,TypeScript,9.5
wuyouzhuguli/SpringAll,SpringAll,34,27,44.26,1,0,7.0,Java,7.29
meta-llama/llama3,llama3,212,119,35.95,23,0,9.0,Python,1.42
postcss/postcss,postcss,28,998,97.27,751,268,1.0,TypeScript,11.89
ajeetdsouza/zoxide,zoxide,126,579,82.13,225,36,0.0,Rust,5.45
pmndrs/react-spring,react-spring,128,1143,89.93,437,52,4.0,TypeScript,7.45
tastejs/todomvc,todomvc,170,661,79.54,750,6,75.0,JavaScript,14.21
Pierian-Data/Complete-Python-3-Bootcamp,Complete-Python-3-Bootcamp,253,225,47.07,12,0,1.0,Jupyter Notebook,7.51
dragonflydb/dragonfly,dragonfly,290,1574,84.44,3306,106,2.0,C++,3.68
alibaba/spring-cloud-alibaba,spring-cloud-alibaba,240,2300,90.55,1076,48,2.0,Java,7.71
StevenBlack/hosts,hosts,120,1999,94.34,485,779,0.0,Python,13.35
wesbos/JavaScript30,JavaScript30,63,0,0.0,148,0,8.0,HTML,8.69
cfenollosa/os-tutorial,os-tutorial,124,105,45.85,11,0,2.0,C,10.88
Ebazhanov/linkedin-skill-assessments-quizzes,linkedin-skill-assessments-quizzes,85,807,90.47,5622,1,4.0,,6.1
kenwheeler/slick,slick,1378,2421,63.73,255,48,0.0,JavaScript,11.4
statelyai/xstate,xstate,165,1288,88.64,1971,440,0.0,TypeScript,9.92
feder-cr/Jobs_Applier_AI_Agent_AIHawk,Jobs_Applier_AI_Agent_AIHawk,11,663,98.37,185,0,1.0,Python,1.03
ZuzooVn/machine-learning-for-software-engineers,machine-learning-for-software-engineers,30,9,23.08,60,0,0.0,,8.85
kovidgoyal/kitty,kitty,20,6258,99.68,1128,128,0.0,Python,8.84
immerjs/immer,immer,56,633,91.87,373,109,8.0,JavaScript,7.63
grafana/k6,k6,754,1669,68.88,2142,76,2.0,Go,9.41
donnemartin/data-science-ipython-notebooks,data-science-ipython-notebooks,40,22,35.48,31,0,3.0,Python,10.57
AvaloniaUI/Avalonia,Avalonia,1766,6153,77.7,5306,110,2.0,C#,11.7
shengxinjing/programmer-job-blacklist,programmer-job-blacklist,171,181,51.42,12,0,8.0,Shell,9.14
vuejs/vuex,vuex,144,1167,89.02,652,51,2.0,JavaScript,10.09
valinet/ExplorerPatcher,ExplorerPatcher,276,2189,88.8,18,288,2.0,C,4.02
PostHog/posthog,posthog,2312,5537,70.54,24880,18,3.0,Python,5.56
vercel/turborepo,turborepo,166,1806,91.58,6220,496,0.0,Rust,3.87
sunface/rust-course,rust-course,70,149,68.04,780,0,7.0,Rust,7.03
microsoft/qlib,qlib,290,724,71.4,722,23,1.0,Python,5.01
jumpserver/jumpserver,jumpserver,42,7271,99.43,7506,249,0.0,Python,11.12
continuedev/continue,continue,815,2869,77.88,2785,378,0.0,TypeScript,2.23
codepath/android_guides,android_guides,164,219,57.18,9,0,20.0,,12.16
openai/openai-python,openai-python,129,988,88.45,990,315,0.0,Python,4.81
helm/helm,helm,851,7662,90.0,4093,215,7.0,Go,9.86
openssl/openssl,openssl,2056,8984,81.38,145,283,0.0,C,12.58
containers/podman,podman,898,9233,91.14,11685,228,5.0,Go,7.79
jamiebuilds/the-super-tiny-compiler,the-super-tiny-compiler,17,0,0.0,20,0,4.0,JavaScript,9.43
viraptor/reverse-interview,reverse-interview,24,18,42.86,75,0,6.0,,5.94
telegramdesktop/tdesktop,tdesktop,909,14349,94.04,1742,798,9.0,C++,11.29
MichaelCade/90DaysOfDevOps,90DaysOfDevOps,10,80,88.89,357,2,2.0,Shell,3.64
VSCodium/vscodium,vscodium,131,1388,91.38,544,238,0.0,Shell,7.01
eugeneyan/applied-ml,applied-ml,2,22,91.67,208,0,4.0,,5.12
caolan/async,async,10,1132,99.12,555,7,1.0,JavaScript,15.21
GitbookIO/gitbook,gitbook,68,1880,96.51,1288,75,1.0,TypeScript,11.38
linera-io/linera-protocol,linera-protocol,538,754,58.36,2658,18,4.0,Rust,3.66
digitalocean/nginxconfig.io,nginxconfig.io,61,183,75.0,191,0,5.0,JavaScript,7.61
alibaba/druid,druid,2285,2285,50.0,1513,51,39.0,Java,13.79
LizardByte/Sunshine,Sunshine,109,980,89.99,1391,43,0.0,C++,3.67
jashkenas/backbone,backbone,62,2364,97.44,876,0,9.0,JavaScript,14.88
dnSpy/dnSpy,dnSpy,185,0,0.0,53,1,3.0,C#,10.13
swagger-api/swagger-ui,swagger-ui,1303,4426,77.26,3305,376,0.0,JavaScript,14.09
NginxProxyManager/nginx-proxy-manager,nginx-proxy-manager,987,2080,67.82,526,77,3.0,JavaScript,7.66
acheong08/ChatGPT,ChatGPT,11,792,98.63,257,277,7.0,Python,2.7
zhiwehu/Python-programming-exercises,Python-programming-exercises,159,17,9.66,0,0,4.0,,13.17
JedWatson/react-select,react-select,469,3248,87.38,1051,61,1.0,TypeScript,10.98
mobxjs/mobx,mobx,72,1914,96.37,1143,113,0.0,TypeScript,10.43
python-telegram-bot/python-telegram-bot,python-telegram-bot,28,2263,98.78,1634,127,3.0,Python,10.11
nagadomi/waifu2x,waifu2x,154,216,58.38,62,3,5.0,Lua,10.25
ChartsOrg/Charts,Charts,989,3388,77.4,424,38,23.0,Swift,10.41
aquasecurity/trivy,trivy,200,2750,93.22,3176,171,0.0,Go,6.35
lenve/vhr,vhr,213,97,31.29,1,0,12.0,Java,7.62
datalab-to/marker,marker,301,290,49.07,194,62,0.0,Python,1.8
google/python-fire,python-fire,149,206,58.03,135,12,5.0,Python,8.48
qianguyihao/Web,Web,84,156,65.0,0,0,9.0,,8.62
tailwindlabs/headlessui,headlessui,124,1287,91.21,618,127,0.0,TypeScript,4.92
geekcompany/ResumeSample,ResumeSample,12,0,0.0,2,0,14.0,,10.94
michalsnik/aos,aos,374,360,49.05,38,0,2.0,JavaScript,10.11
t3-oss/create-t3-app,create-t3-app,91,675,88.12,1112,138,2.0,TypeScript,3.23
frappe/erpnext,erpnext,2319,14498,86.21,26356,1595,0.0,Python,14.19
nginx/nginx,nginx,271,172,38.83,94,8,2.0,C,10.15
raysan5/raylib,raylib,33,2002,98.38,2119,24,1.0,C,11.81
CamDavidsonPilon/Probabilistic-Programming-and-Bayesian-Methods-for-Hackers,Probabilistic-Programming-and-Bayesian-Methods-for-Hackers,205,90,30.51,235,0,0.0,Jupyter Notebook,12.59
getredash/redash,redash,720,1956,73.09,3233,100,0.0,Python,11.8
YMFE/yapi,yapi,1612,922,36.39,141,1,5.0,JavaScript,9.22
kingToolbox/WindTerm,WindTerm,2177,564,20.58,1,32,4.0,C,5.86
sxyazi/yazi,yazi,54,1363,96.19,947,27,0.0,Rust,2.11
JaidedAI/EasyOCR,EasyOCR,516,605,53.97,177,23,5.0,Python,5.43
tj/commander.js,commander.js,7,1131,99.38,824,83,0.0,JavaScript,14.01
flameshot-org/flameshot,flameshot,708,2076,74.57,964,30,1.0,C++,8.27
imDazui/Tvlist-awesome-m3u-m3u8,Tvlist-awesome-m3u-m3u8,28,49,63.64,1,0,3.0,,8.49
svc-develop-team/so-vits-svc,so-vits-svc,28,109,79.56,153,0,8.0,Python,2.44
Advanced-Frontend/Daily-Interview-Question,Daily-Interview-Question,265,301,53.18,15,0,27.0,JavaScript,6.58
